source_id,name_he,category,price,url
3-רקפות-בסלסלה,סלסלת חורף,צמחים-למרפסת-ולגינה,90.0,https://azurflowers.co.il/חנות/צמחים-למרפסת-ולגינה/3-רקפות-בסלסלה/
אבליה-לבנה,אבליה לבנה,צמחים-למרפסת-ולגינה,115.0,https://azurflowers.co.il/חנות/צמחים-למרפסת-ולגינה/אבליה-לבנה/
אגלונמה-אדומה,אגלונמה אדומה,צמחים-לבית-ולמשרד,55.0,https://azurflowers.co.il/חנות/צמחים-לבית-ולמשרד/אגלונמה-אדומה/
אגלונמה-סילבר-קווין,אגלונמה סילבר קווין,צמחים-לבית-ולמשרד,67.0,https://azurflowers.co.il/חנות/צמחים-לבית-ולמשרד/אגלונמה-סילבר-קווין/
אגלונמה-פרידמן,אגלונמה פרידמן,צמחים-לבית-ולמשרד,159.0,https://azurflowers.co.il/חנות/צמחים-לבית-ולמשרד/אגלונמה-פרידמן/
אגלונמה-רד-ולנטיין,אגלונמה רד ולנטיין,צמחים-לבית-ולמשרד,135.0,https://azurflowers.co.il/חנות/צמחים-לבית-ולמשרד/אגלונמה-רד-ולנטיין/
אגלונמה,אגלונמה ווידורי,צמחים-לבית-ולמשרד,135.0,https://azurflowers.co.il/חנות/צמחים-לבית-ולמשרד/אגלונמה/
אדניום-שושנת-המדבר,אדניום (שושנת המדבר),צמחים-למרפסת-ולגינה,139.0,https://azurflowers.co.il/חנות/צמחים-למרפסת-ולגינה/אדניום-שושנת-המדבר/
אדנית-חורף,אדנית חורף,צמחים-למרפסת-ולגינה,,https://azurflowers.co.il/חנות/צמחים-למרפסת-ולגינה/אדנית-חורף/
אדננטוס-עציץ-24-סמ,"אדננטוס - עציץ 24 ס""מ",צמחים-למרפסת-ולגינה,192.0,https://azurflowers.co.il/חנות/צמחים-למרפסת-ולגינה/אדננטוס-עציץ-24-סמ/
אדננטוס,אדננטוס,צמחים-למרפסת-ולגינה,,https://azurflowers.co.il/חנות/צמחים-למרפסת-ולגינה/אדננטוס/
אוזן-פיל-אלוקסיה-פורטדורה,אוזן פיל - אלוקסיה,צמחים-לבית-ולמשרד,229.0,https://azurflowers.co.il/חנות/צמחים-לבית-ולמשרד/אוזן-פיל-אלוקסיה-פורטדורה/
אוזן-פיל,אוזן פיל - אלוקסיה אודורה,צמחים-לבית-ולמשרד,229.0,https://azurflowers.co.il/חנות/צמחים-לבית-ולמשרד/אוזן-פיל/
אוכמניה-גים,אוכמניה ג'ים,צמחים-למרפסת-ולגינה,129.0,https://azurflowers.co.il/חנות/צמחים-למרפסת-ולגינה/אוכמניה-גים/
אוכמניה-קלימקס,אוכמניה קלימקס,צמחים-למרפסת-ולגינה,149.0,https://azurflowers.co.il/חנות/צמחים-למרפסת-ולגינה/אוכמניה-קלימקס/
אזלאה-על-גזע,אזלאה,צמחים-לבית-ולמשרד,105.0,https://azurflowers.co.il/חנות/צמחים-לבית-ולמשרד/אזלאה-על-גזע/
אימפריאל-אדום,פילודנדרון אימפריאל כהה,צמחים-לבית-ולמשרד,122.0,https://azurflowers.co.il/חנות/צמחים-לבית-ולמשרד/אימפריאל-אדום/
אימפריאל-ירוק,פילודנדרון אימפריאל ירוק,צמחים-לבית-ולמשרד,89.0,https://azurflowers.co.il/חנות/צמחים-לבית-ולמשרד/אימפריאל-ירוק/
אימפריאל-נרו,אימפריאל נרו,צמחים-לבית-ולמשרד,,https://azurflowers.co.il/חנות/צמחים-לבית-ולמשרד/אימפריאל-נרו/
איצטרובלנית,איצטרובלנית,צמחים-למרפסת-ולגינה,18.9,https://azurflowers.co.il/חנות/צמחים-למרפסת-ולגינה/איצטרובלנית/
איקסורה-אדומה,איקסורה אדומה,צמחים-לבית-ולמשרד,215.0,https://azurflowers.co.il/חנות/צמחים-לבית-ולמשרד/איקסורה-אדומה/
איקסורה,איקסורה,צמחים-לבית-ולמשרד,,https://azurflowers.co.il/חנות/צמחים-לבית-ולמשרד/איקסורה/
אכימאה,אכימאה,צמחים-לבית-ולמשרד,119.0,https://azurflowers.co.il/חנות/צמחים-לבית-ולמשרד/אכימאה/
אלוורה-בכלי-קרמיקה-חרס,אלוורה בכלי קרמיקה / חרס,צמחים-למרפסת-ולגינה,140.0,https://azurflowers.co.il/חנות/צמחים-למרפסת-ולגינה/אלוורה-בכלי-קרמיקה-חרס/
אלוורה-דינו,אלוורה דינו,צמחים-לבית-ולמשרד,55.0,https://azurflowers.co.il/חנות/צמחים-לבית-ולמשרד/אלוורה-דינו/
אלוורה-טיקי-בעציץ-בינוני,אלוורה טיקי בעציץ בינוני,צמחים-לבית-ולמשרד,118.0,https://azurflowers.co.il/חנות/צמחים-לבית-ולמשרד/אלוורה-טיקי-בעציץ-בינוני/
אלוורה-טיקי,אלוורה טיקי,צמחים-לבית-ולמשרד,65.0,https://azurflowers.co.il/חנות/צמחים-לבית-ולמשרד/אלוורה-טיקי/
אלוורה,אלוורה רפואית,צמחים-למרפסת-ולגינה,35.0,https://azurflowers.co.il/חנות/צמחים-למרפסת-ולגינה/אלוורה/
אלוקסיה-וונטי-בכלי,אלוקסיה וונטי בכלי,צמחים-לבית-ולמשרד,339.0,https://azurflowers.co.il/חנות/צמחים-לבית-ולמשרד/אלוקסיה-וונטי-בכלי/
אלוקסיה-וונטי-קטן,אלוקסיה וונטי - קטן,צמחים-לבית-ולמשרד,79.0,https://azurflowers.co.il/חנות/צמחים-לבית-ולמשרד/אלוקסיה-וונטי-קטן/
אלוקסיה-וונטי,אלוקסיה וונטי,צמחים-לבית-ולמשרד,189.0,https://azurflowers.co.il/חנות/צמחים-לבית-ולמשרד/אלוקסיה-וונטי/
אלוקסיה-פולי-בכלי-מעוצב,אלוקסיה פולי בכלי מעוצב,צמחים-לבית-ולמשרד,120.0,https://azurflowers.co.il/חנות/צמחים-לבית-ולמשרד/אלוקסיה-פולי-בכלי-מעוצב/
אלוקסיה-פולי-במבינו,אלוקסיה פולי במבינו,צמחים-לבית-ולמשרד,50.0,https://azurflowers.co.il/חנות/צמחים-לבית-ולמשרד/אלוקסיה-פולי-במבינו/
אלוקסיה-פולי,אלוקסיה פולי (אמזוניקה),צמחים-לבית-ולמשרד,63.0,https://azurflowers.co.il/חנות/צמחים-לבית-ולמשרד/אלוקסיה-פולי/
אלמנדה-סגולה,אלמנדה סגולה,צמחים-למרפסת-ולגינה,89.0,https://azurflowers.co.il/חנות/צמחים-למרפסת-ולגינה/אלמנדה-סגולה/
אלמנדה-צהובה,אלמנדה צהובה,צמחים-למרפסת-ולגינה,89.0,https://azurflowers.co.il/חנות/צמחים-למרפסת-ולגינה/אלמנדה-צהובה/
אלסטרומריה,אלסטרומריה,צמחים-לבית-ולמשרד,95.0,https://azurflowers.co.il/חנות/צמחים-לבית-ולמשרד/אלסטרומריה/
אמנון-ותמר-בכלי-חרס,אמנון ותמר בכלי חרס,צמחים-למרפסת-ולגינה,10.0,https://azurflowers.co.il/חנות/צמחים-למרפסת-ולגינה/אמנון-ותמר-בכלי-חרס/
אמנון-ותמר-בכלי-עץ,אמנון ותמר בכלי עץ,צמחים-למרפסת-ולגינה,69.0,https://azurflowers.co.il/חנות/צמחים-למרפסת-ולגינה/אמנון-ותמר-בכלי-עץ/
אמנון-ותמר,אמנון ותמר,צמחים-למרפסת-ולגינה,15.9,https://azurflowers.co.il/חנות/צמחים-למרפסת-ולגינה/אמנון-ותמר/
אנטוריום-בינוני-בכלי-קרמיקה-בקבוק-יין,אנטוריום בינוני בכלי קרמיקה + בקבוק יין,צמחים-לבית-ולמשרד,,https://azurflowers.co.il/חנות/צמחים-לבית-ולמשרד/אנטוריום-בינוני-בכלי-קרמיקה-בקבוק-יין/
אנטוריום-בכלי-קרמיקה-בקבוק-יין,אנטוריום בכלי קרמיקה + בקבוק יין,צמחים-לבית-ולמשרד,119.0,https://azurflowers.co.il/חנות/צמחים-לבית-ולמשרד/אנטוריום-בכלי-קרמיקה-בקבוק-יין/
אנטוריום-גדול-בעציץ-קש,אנטוריום גדול בעציץ קש,צמחים-לבית-ולמשרד,260.0,https://azurflowers.co.il/חנות/צמחים-לבית-ולמשרד/אנטוריום-גדול-בעציץ-קש/
אנטוריום-עציץ-12-סמ,"אנטוריום - עציץ 12 ס""מ",צמחים-לבית-ולמשרד,55.0,https://azurflowers.co.il/חנות/צמחים-לבית-ולמשרד/אנטוריום-עציץ-12-סמ/
אנטוריום-עציץ-15-סמ,"אנטוריום - עציץ 15 ס""מ",צמחים-לבית-ולמשרד,84.0,https://azurflowers.co.il/חנות/צמחים-לבית-ולמשרד/אנטוריום-עציץ-15-סמ/
אנטוריום-עציץ-17-סמ,"אנטוריום - עציץ 17 ס""מ",צמחים-לבית-ולמשרד,155.0,https://azurflowers.co.il/חנות/צמחים-לבית-ולמשרד/אנטוריום-עציץ-17-סמ/
אנטוריום-עציץ-18-סמ,"אנטוריום - עציץ 18 ס""מ",צמחים-לבית-ולמשרד,160.0,https://azurflowers.co.il/חנות/צמחים-לבית-ולמשרד/אנטוריום-עציץ-18-סמ/
אנטוריום-עציץ-24-סמ,"אנטוריום - עציץ 24 ס""מ",צמחים-לבית-ולמשרד,219.0,https://azurflowers.co.il/חנות/צמחים-לבית-ולמשרד/אנטוריום-עציץ-24-סמ/
אנטוריום-קטן-בעטיפת-יוטה,אנטוריום קטן בעטיפת יוטה,צמחים-לבית-ולמשרד,59.0,https://azurflowers.co.il/חנות/צמחים-לבית-ולמשרד/אנטוריום-קטן-בעטיפת-יוטה/
אנטוריום-קלרינרביום,אנטוריום קלרינרביום,צמחים-לבית-ולמשרד,,https://azurflowers.co.il/חנות/צמחים-לבית-ולמשרד/אנטוריום-קלרינרביום/
אנטוריום,אנטוריום בינוני בכלי קרמיקה,צמחים-לבית-ולמשרד,134.0,https://azurflowers.co.il/חנות/צמחים-לבית-ולמשרד/אנטוריום/
אציווריה-צבועה,אצ'יווריה צבועה,סוקולנטים-וקקטוסים,72.0,https://azurflowers.co.il/חנות/סוקולנטים-וקקטוסים/אציווריה-צבועה/
אציווריה,אצ'יווריה,סוקולנטים-וקקטוסים,69.0,https://azurflowers.co.il/חנות/סוקולנטים-וקקטוסים/אציווריה/
ארדיסיה,ארדיסיה,צמחים-לבית-ולמשרד,154.0,https://azurflowers.co.il/חנות/צמחים-לבית-ולמשרד/ארדיסיה/
ארוקריה-עציץ-22-סמ,"ארוקריה - עציץ 22 ס""מ",צמחים-למרפסת-ולגינה,150.0,https://azurflowers.co.il/חנות/צמחים-למרפסת-ולגינה/ארוקריה-עציץ-22-סמ/
ארוקריה,ארוקריה,צמחים-למרפסת-ולגינה,45.0,https://azurflowers.co.il/חנות/צמחים-למרפסת-ולגינה/ארוקריה/
ארליה-יפנית,ארליה יפנית,צמחים-לבית-ולמשרד,157.0,https://azurflowers.co.il/חנות/צמחים-לבית-ולמשרד/ארליה-יפנית/
בגוניה-באוראה,בגוניה באוראה,צמחים-לבית-ולמשרד,49.0,https://azurflowers.co.il/חנות/צמחים-לבית-ולמשרד/בגוניה-באוראה/
בגוניה-דרגון,בגוניה דרגון,צמחים-למרפסת-ולגינה,57.0,https://azurflowers.co.il/חנות/צמחים-למרפסת-ולגינה/בגוניה-דרגון/
בגוניה-ורד,בגוניה ורד,צמחים-לבית-ולמשרד,69.0,https://azurflowers.co.il/חנות/צמחים-לבית-ולמשרד/בגוניה-ורד/
בגוניה-מנוקדת,בגוניה מנוקדת (טמאיה),צמחים-למרפסת-ולגינה,45.0,https://azurflowers.co.il/חנות/צמחים-למרפסת-ולגינה/בגוניה-מנוקדת/
בגוניה-מקולטה,בגוניה מקולטה,צמחים-לבית-ולמשרד,49.0,https://azurflowers.co.il/חנות/צמחים-לבית-ולמשרד/בגוניה-מקולטה/
בגוניה-רקס,בגוניה רקס,צמחים-לבית-ולמשרד,37.0,https://azurflowers.co.il/חנות/צמחים-לבית-ולמשרד/בגוניה-רקס/
בוגונביליה,בוגונביליה,צמחים-למרפסת-ולגינה,77.0,https://azurflowers.co.il/חנות/צמחים-למרפסת-ולגינה/בוגונביליה/
בודליה-בודלאה,בודליה (בודלאה),צמחים-למרפסת-ולגינה,105.0,https://azurflowers.co.il/חנות/צמחים-למרפסת-ולגינה/בודליה-בודלאה/
בומאה,בומאה,צמחים-למרפסת-ולגינה,15.9,https://azurflowers.co.il/חנות/צמחים-למרפסת-ולגינה/בומאה/
בושמת-בשמת,בושמת (בשמת),צמחים-למרפסת-ולגינה,15.9,https://azurflowers.co.il/חנות/צמחים-למרפסת-ולגינה/בושמת-בשמת/
בידנס,בידנס,צמחים-למרפסת-ולגינה,15.9,https://azurflowers.co.il/חנות/צמחים-למרפסת-ולגינה/בידנס/
ביצן-עציץ-18-סמ,"ביצן - עציץ 18 ס""מ",צמחים-למרפסת-ולגינה,45.0,https://azurflowers.co.il/חנות/צמחים-למרפסת-ולגינה/ביצן-עציץ-18-סמ/
ביצן-עציץ-24-סמ,"ביצן - עציץ 24 ס""מ",צמחים-למרפסת-ולגינה,98.0,https://azurflowers.co.il/חנות/צמחים-למרפסת-ולגינה/ביצן-עציץ-24-סמ/
ביצן,ביצן,צמחים-למרפסת-ולגינה,15.9,https://azurflowers.co.il/חנות/צמחים-למרפסת-ולגינה/ביצן/
במבוק-ננסי,במבוק ננסי,צמחים-למרפסת-ולגינה,56.0,https://azurflowers.co.il/חנות/צמחים-למרפסת-ולגינה/במבוק-ננסי/
בקופה,בקופה,צמחים-למרפסת-ולגינה,,https://azurflowers.co.il/חנות/צמחים-למרפסת-ולגינה/בקופה/
ברונפלסיה-אתמול-היום-מחר,ברונפלסיה (אתמול היום מחר),צמחים-למרפסת-ולגינה,77.0,https://azurflowers.co.il/חנות/צמחים-למרפסת-ולגינה/ברונפלסיה-אתמול-היום-מחר/
ברוש-אפור,ברוש אפור,צמחים-למרפסת-ולגינה,65.0,https://azurflowers.co.il/חנות/צמחים-למרפסת-ולגינה/ברוש-אפור/
ברוש-טוטם-עציץ-24-סמ,ברוש טוטם - עציץ גדול / שק,צמחים-למרפסת-ולגינה,123.0,https://azurflowers.co.il/חנות/צמחים-למרפסת-ולגינה/ברוש-טוטם-עציץ-24-סמ/
ברוש-טוטם,ברוש טוטם,צמחים-למרפסת-ולגינה,65.0,https://azurflowers.co.il/חנות/צמחים-למרפסת-ולגינה/ברוש-טוטם/
ברוש-לימוני-עציץ-24-סמ,ברוש לימוני - עציץ גדול / שק,צמחים-למרפסת-ולגינה,123.0,https://azurflowers.co.il/חנות/צמחים-למרפסת-ולגינה/ברוש-לימוני-עציץ-24-סמ/
ברוש-לימוני,ברוש לימוני,צמחים-למרפסת-ולגינה,65.0,https://azurflowers.co.il/חנות/צמחים-למרפסת-ולגינה/ברוש-לימוני/
ברכיקומה,ברכיקומה,צמחים-למרפסת-ולגינה,15.9,https://azurflowers.co.il/חנות/צמחים-למרפסת-ולגינה/ברכיקומה/
ברניה-מושלגת-אדומה,ברניה מושלגת אדומה,צמחים-למרפסת-ולגינה,115.0,https://azurflowers.co.il/חנות/צמחים-למרפסת-ולגינה/ברניה-מושלגת-אדומה/
ברניה-מושלגת,ברניה מושלגת,צמחים-למרפסת-ולגינה,24.0,https://azurflowers.co.il/חנות/צמחים-למרפסת-ולגינה/ברניה-מושלגת/
בת-שבע-בקערה,בת שבע בקערה,צמחים-לבית-ולמשרד,99.0,https://azurflowers.co.il/חנות/צמחים-לבית-ולמשרד/בת-שבע-בקערה/
בת-שבע,בת שבע (הויה),צמחים-למרפסת-ולגינה,56.0,https://azurflowers.co.il/חנות/צמחים-למרפסת-ולגינה/בת-שבע/
גוזמניה-בעציץ-קרמיקה,גוזמניה קטן בעציץ קרמיקה,צמחים-לבית-ולמשרד,79.0,https://azurflowers.co.il/חנות/צמחים-לבית-ולמשרד/גוזמניה-בעציץ-קרמיקה/
גוזמניה-גדול,גוזמניה גדול,צמחים-לבית-ולמשרד,85.0,https://azurflowers.co.il/חנות/צמחים-לבית-ולמשרד/גוזמניה-גדול/
גוזמניה-קטן,גוזמניה קטן,צמחים-לבית-ולמשרד,45.0,https://azurflowers.co.il/חנות/צמחים-לבית-ולמשרד/גוזמניה-קטן/
גומא,גומא,צמחים-למרפסת-ולגינה,15.9,https://azurflowers.co.il/חנות/צמחים-למרפסת-ולגינה/גומא/
גזניה,גזניה,צמחים-למרפסת-ולגינה,15.9,https://azurflowers.co.il/חנות/צמחים-למרפסת-ולגינה/גזניה/
גיפסנית,גיפסנית,צמחים-למרפסת-ולגינה,15.9,https://azurflowers.co.il/חנות/צמחים-למרפסת-ולגינה/גיפסנית/
גפן-ענבים-זן-איזבלה,גפן ענבים זן איזבלה,צמחים-למרפסת-ולגינה,77.0,https://azurflowers.co.il/חנות/צמחים-למרפסת-ולגינה/גפן-ענבים-זן-איזבלה/
גפן-ענבים-זן-מוסקט,גפן ענבים זן מוסקט,צמחים-למרפסת-ולגינה,122.0,https://azurflowers.co.il/חנות/צמחים-למרפסת-ולגינה/גפן-ענבים-זן-מוסקט/
גפנית-על-סטיקים,גפנית על סטיקים,צמחים-למרפסת-ולגינה,139.0,https://azurflowers.co.il/חנות/צמחים-למרפסת-ולגינה/גפנית-על-סטיקים/
גפנית,גפנית,צמחים-למרפסת-ולגינה,84.0,https://azurflowers.co.il/חנות/צמחים-למרפסת-ולגינה/גפנית/
גרברה,גרברה,צמחים-למרפסת-ולגינה,,https://azurflowers.co.il/חנות/צמחים-למרפסת-ולגינה/גרברה/
גרדניה-יסמינית-עציץ-18-סמ,גרדניה יסמינית שיחית,צמחים-למרפסת-ולגינה,149.0,https://azurflowers.co.il/חנות/צמחים-למרפסת-ולגינה/גרדניה-יסמינית-עציץ-18-סמ/
גרדניה-יסמינית,גרדניה יסמינית,צמחים-למרפסת-ולגינה,77.0,https://azurflowers.co.il/חנות/צמחים-למרפסת-ולגינה/גרדניה-יסמינית/
גרמית,גרמית,צמחים-למרפסת-ולגינה,18.9,https://azurflowers.co.il/חנות/צמחים-למרפסת-ולגינה/גרמית/
גרניום-צרפתי,גרניום צרפתי,צמחים-למרפסת-ולגינה,,https://azurflowers.co.il/חנות/צמחים-למרפסת-ולגינה/גרניום-צרפתי/
גרניום,גרניום,צמחים-למרפסת-ולגינה,15.9,https://azurflowers.co.il/חנות/צמחים-למרפסת-ולגינה/גרניום/
דודונאה,דודונאה דנה,צמחים-למרפסת-ולגינה,109.0,https://azurflowers.co.il/חנות/צמחים-למרפסת-ולגינה/דודונאה/
דורנטה-גיישה,דורנטה גיישה,צמחים-למרפסת-ולגינה,122.0,https://azurflowers.co.il/חנות/צמחים-למרפסת-ולגינה/דורנטה-גיישה/
דורנטה-תאילנדית,דורנטה תאילנדית,צמחים-למרפסת-ולגינה,39.0,https://azurflowers.co.il/חנות/צמחים-למרפסת-ולגינה/דורנטה-תאילנדית/
דורנטה,דורנטה,צמחים-למרפסת-ולגינה,122.0,https://azurflowers.co.il/חנות/צמחים-למרפסת-ולגינה/דורנטה/
דיכונדרה-ירוקה,דיכונדרה ירוקה,צמחים-למרפסת-ולגינה,15.9,https://azurflowers.co.il/חנות/צמחים-למרפסת-ולגינה/דיכונדרה-ירוקה/
דיכונדרה-כסופה,דיכונדרה כסופה,צמחים-למרפסת-ולגינה,15.9,https://azurflowers.co.il/חנות/צמחים-למרפסת-ולגינה/דיכונדרה-כסופה/
דיפנבכיה-טרופיק,דיפנבכיה טרופיק,צמחים-לבית-ולמשרד,119.0,https://azurflowers.co.il/חנות/צמחים-לבית-ולמשרד/דיפנבכיה-טרופיק/
דיפנבכיה-לינדה,דיפנבכיה לינדה,צמחים-לבית-ולמשרד,175.0,https://azurflowers.co.il/חנות/צמחים-לבית-ולמשרד/דיפנבכיה-לינדה/
דיפנבכיה-קמילה,דיפנבכיה קמילה,צמחים-לבית-ולמשרד,39.0,https://azurflowers.co.il/חנות/צמחים-לבית-ולמשרד/דיפנבכיה-קמילה/
דקל-אריקה-בינוני,דקל אריקה בינוני,עצים,67.0,https://azurflowers.co.il/חנות/עצים/דקל-אריקה-בינוני/
דקל-אריקה-קטן,דקל אריקה קטן,עצים,31.0,https://azurflowers.co.il/חנות/עצים/דקל-אריקה-קטן/
דקל-אריקה,דקל אריקה גדול,עצים,389.0,https://azurflowers.co.il/חנות/עצים/דקל-אריקה/
דקל-חמדוראה-בינוני,דקל חמדוראה בינוני,עצים,59.0,https://azurflowers.co.il/חנות/עצים/דקל-חמדוראה-בינוני/
דקל-חמדוראה,דקל חמדוראה גדול,עצים,389.0,https://azurflowers.co.il/חנות/עצים/דקל-חמדוראה/
דקל-חמדוריאה-קטן,דקל חמדוריאה קטן,צמחים-לבית-ולמשרד,31.0,https://azurflowers.co.il/חנות/צמחים-לבית-ולמשרד/דקל-חמדוריאה-קטן/
דקל-חמדוריאה,דקל חמדוריאה,עצים,169.0,https://azurflowers.co.il/חנות/עצים/דקל-חמדוריאה/
דקל-טבעות,דקל טבעות,עצים,495.0,https://azurflowers.co.il/חנות/עצים/דקל-טבעות/
דקל-קנציה,דקל קנציה,עצים,260.0,https://azurflowers.co.il/חנות/עצים/דקל-קנציה/
דקל-ראפיס,דקל ראפיס,עצים,339.0,https://azurflowers.co.il/חנות/עצים/דקל-ראפיס/
דרצנה-למון-ליים,דרצנה למון ליים,צמחים-לבית-ולמשרד,31.0,https://azurflowers.co.il/חנות/צמחים-לבית-ולמשרד/דרצנה-למון-ליים/
דרצנה-מלייקה,דרצנה מלייקה,צמחים-לבית-ולמשרד,44.0,https://azurflowers.co.il/חנות/צמחים-לבית-ולמשרד/דרצנה-מלייקה/
דרצנה-מסנגנה,דרצנה מסנג'נה,צמחים-לבית-ולמשרד,115.0,https://azurflowers.co.il/חנות/צמחים-לבית-ולמשרד/דרצנה-מסנגנה/
דרצנה-מרגינטה-טריקולור,דרצנה מרגינטה טריקולור,צמחים-לבית-ולמשרד,50.0,https://azurflowers.co.il/חנות/צמחים-לבית-ולמשרד/דרצנה-מרגינטה-טריקולור/
דרצנה-מרגינטה,דרצנה מרגינטה,צמחים-לבית-ולמשרד,105.0,https://azurflowers.co.il/חנות/צמחים-לבית-ולמשרד/דרצנה-מרגינטה/
דרצנה-עציץ-18-סמ,"דרצנה - עציץ 18 ס""מ",צמחים-לבית-ולמשרד,165.0,https://azurflowers.co.il/חנות/צמחים-לבית-ולמשרד/דרצנה-עציץ-18-סמ/
דשא-יפני-זויסיה,דשא יפני (זויסיה),צמחים-למרפסת-ולגינה,49.0,https://azurflowers.co.il/חנות/צמחים-למרפסת-ולגינה/דשא-יפני-זויסיה/
הדס-מעוצב-עציץ-18-סמ,הדס מעוצב,צמחים-למרפסת-ולגינה,99.0,https://azurflowers.co.il/חנות/צמחים-למרפסת-ולגינה/הדס-מעוצב-עציץ-18-סמ/
הדס-עציץ-18-סמ,"הדס - עציץ 18 ס""מ",צמחים-למרפסת-ולגינה,53.0,https://azurflowers.co.il/חנות/צמחים-למרפסת-ולגינה/הדס-עציץ-18-סמ/
הוורטיה-זברה-בכלי-קרמיקה,הוורטיה זברה בכלי קרמיקה,צמחים-לבית-ולמשרד,100.0,https://azurflowers.co.il/חנות/צמחים-לבית-ולמשרד/הוורטיה-זברה-בכלי-קרמיקה/
הוורטיה-זברה-בעציץ-בינוני,הוורטיה זברה בעציץ בינוני,צמחים-לבית-ולמשרד,55.0,https://azurflowers.co.il/חנות/צמחים-לבית-ולמשרד/הוורטיה-זברה-בעציץ-בינוני/
הוורטיה-זברה,הוורטיה זברה,צמחים-לבית-ולמשרד,45.0,https://azurflowers.co.il/חנות/צמחים-לבית-ולמשרד/הוורטיה-זברה/
הורטנזיה,הורטנזיה (הידרנג'אה),צמחים-לבית-ולמשרד,,https://azurflowers.co.il/חנות/צמחים-לבית-ולמשרד/הורטנזיה/
היביסקוס-סורי,היביסקוס סורי,צמחים-למרפסת-ולגינה,49.0,https://azurflowers.co.il/חנות/צמחים-למרפסת-ולגינה/היביסקוס-סורי/
היביסקוס-סיני,היביסקוס סיני,צמחים-למרפסת-ולגינה,56.0,https://azurflowers.co.il/חנות/צמחים-למרפסת-ולגינה/היביסקוס-סיני/
היפואסטס-אדום-בכלי-חרס-חום,היפואסטס בכלי חרס חום,צמחים-לבית-ולמשרד,60.0,https://azurflowers.co.il/חנות/צמחים-לבית-ולמשרד/היפואסטס-אדום-בכלי-חרס-חום/
היפואסטס,היפואסטס (ברוד משובל),צמחים-למרפסת-ולגינה,22.0,https://azurflowers.co.il/חנות/צמחים-למרפסת-ולגינה/היפואסטס/
הלקסינה-דמעות-תינוק,הלקסינה (דמעות תינוק),צמחים-לבית-ולמשרד,95.0,https://azurflowers.co.il/חנות/צמחים-לבית-ולמשרד/הלקסינה-דמעות-תינוק/
וינקה-ביוטי,וינקה ביוטי,צמחים-למרפסת-ולגינה,15.9,https://azurflowers.co.il/חנות/צמחים-למרפסת-ולגינה/וינקה-ביוטי/
וינקה-מזור,וינקה מז'ור,צמחים-למרפסת-ולגינה,15.9,https://azurflowers.co.il/חנות/צמחים-למרפסת-ולגינה/וינקה-מזור/
ורבנה,ורבנה,צמחים-למרפסת-ולגינה,15.9,https://azurflowers.co.il/חנות/צמחים-למרפסת-ולגינה/ורבנה/
ורד-גינה-דלי-10-ליטר,ורד גינה - דלי 10 ליטר,צמחים-למרפסת-ולגינה,139.0,https://azurflowers.co.il/חנות/צמחים-למרפסת-ולגינה/ורד-גינה-דלי-10-ליטר/
ורד-גינה-עציץ-18-סמ,"ורד גינה - עציץ 18 ס""מ",צמחים-למרפסת-ולגינה,59.0,https://azurflowers.co.il/חנות/צמחים-למרפסת-ולגינה/ורד-גינה-עציץ-18-סמ/
ורד-גינה,ורד גינה,צמחים-למרפסת-ולגינה,42.0,https://azurflowers.co.il/חנות/צמחים-למרפסת-ולגינה/ורד-גינה/
וריזאה-אדומה-בכלי-קרמיקה,וריזאה אדומה בכלי קרמיקה,צמחים-לבית-ולמשרד,199.0,https://azurflowers.co.il/חנות/צמחים-לבית-ולמשרד/וריזאה-אדומה-בכלי-קרמיקה/
וריזאה-אסטריד,וריזאה אסטריד,צמחים-לבית-ולמשרד,105.0,https://azurflowers.co.il/חנות/צמחים-לבית-ולמשרד/וריזאה-אסטריד/
וריזאה-סטרים,וריזאה סטרים,צמחים-לבית-ולמשרד,95.0,https://azurflowers.co.il/חנות/צמחים-לבית-ולמשרד/וריזאה-סטרים/
וריזאה,וריזאה,צמחים-לבית-ולמשרד,100.0,https://azurflowers.co.il/חנות/צמחים-לבית-ולמשרד/וריזאה/
זיגוקקטוס,זיגוקקטוס,צמחים-לבית-ולמשרד,,https://azurflowers.co.il/חנות/צמחים-לבית-ולמשרד/זיגוקקטוס/
זמיה-שחורה,זמיה שחורה Black Raven,צמחים-לבית-ולמשרד,229.0,https://azurflowers.co.il/חנות/צמחים-לבית-ולמשרד/זמיה-שחורה/
זמיה,זמיה (זמיוקולקס),צמחים-לבית-ולמשרד,69.0,https://azurflowers.co.il/חנות/צמחים-לבית-ולמשרד/זמיה/
זר-סחלבי-סוניה-בכלי-קרמיקה,זר סחלבי סוניה בקרמיקה,סחלבים,100.0,https://azurflowers.co.il/חנות/סחלבים/זר-סחלבי-סוניה-בכלי-קרמיקה/
זר-סחלבי-סוניה,זר סחלבי סוניה בזכוכית,סחלבים,59.0,https://azurflowers.co.il/חנות/סחלבים/זר-סחלבי-סוניה/
חלבלוב-הדור-בכלי-חרס-אפור,חלבלוב הדור בכלי חרס אפור,צמחים-לבית-ולמשרד,95.0,https://azurflowers.co.il/חנות/צמחים-לבית-ולמשרד/חלבלוב-הדור-בכלי-חרס-אפור/
חלבלוב-הדור,חלבלוב הדור,צמחים-לבית-ולמשרד,,https://azurflowers.co.il/חנות/צמחים-לבית-ולמשרד/חלבלוב-הדור/
חלבלוב-טריגונה,חלבלוב טריגונה,סוקולנטים-וקקטוסים,79.0,https://azurflowers.co.il/חנות/סוקולנטים-וקקטוסים/חלבלוב-טריגונה/
חלבלוב-קוצני-עציץ-18-סמ,"חלבלוב קוצני - עציץ 18 ס""מ",צמחים-למרפסת-ולגינה,49.0,https://azurflowers.co.il/חנות/צמחים-למרפסת-ולגינה/חלבלוב-קוצני-עציץ-18-סמ/
חמציץ-משולש-סגול,חמציץ סגול,צמחים-למרפסת-ולגינה,15.9,https://azurflowers.co.il/חנות/צמחים-למרפסת-ולגינה/חמציץ-משולש-סגול/
חסה,חסה מגידול הידרופוני,ירקות,13.9,https://azurflowers.co.il/חנות/ירקות/חסה/
חרציות-מיקס-באדנית,חרציות מיקס באדנית,צמחים-למרפסת-ולגינה,129.0,https://azurflowers.co.il/חנות/צמחים-למרפסת-ולגינה/חרציות-מיקס-באדנית/
חרצית-בדלי,חרצית בדלי,צמחים-למרפסת-ולגינה,97.0,https://azurflowers.co.il/חנות/צמחים-למרפסת-ולגינה/חרצית-בדלי/
חרצית-שיחית,חרצית שיחית,צמחים-למרפסת-ולגינה,15.9,https://azurflowers.co.il/חנות/צמחים-למרפסת-ולגינה/חרצית-שיחית/
חרצית,חרצית (כריזנטמה),צמחים-למרפסת-ולגינה,18.9,https://azurflowers.co.il/חנות/צמחים-למרפסת-ולגינה/חרצית/
טברנה-מונטנה,טברנה מונטנה,צמחים-למרפסת-ולגינה,,https://azurflowers.co.il/חנות/צמחים-למרפסת-ולגינה/טברנה-מונטנה/
טגטס-אמריקאי,טגטס אמריקאי,צמחים-למרפסת-ולגינה,15.9,https://azurflowers.co.il/חנות/צמחים-למרפסת-ולגינה/טגטס-אמריקאי/
טגטס-צרפתי,טגטס צרפתי,צמחים-למרפסת-ולגינה,15.9,https://azurflowers.co.il/חנות/צמחים-למרפסת-ולגינה/טגטס-צרפתי/
טילנדסיה-אניטה,טילנדסיה אניטה,צמחים-לבית-ולמשרד,69.0,https://azurflowers.co.il/חנות/צמחים-לבית-ולמשרד/טילנדסיה-אניטה/
יהודי-נודד-נאנוק-בקערה,יהודי נודד נאנוק בקערה,סוקולנטים-וקקטוסים,18.9,https://azurflowers.co.il/חנות/סוקולנטים-וקקטוסים/יהודי-נודד-נאנוק-בקערה/
יהודי-נודד-נאנוק,יהודי נודד נאנוק,צמחים-לבית-ולמשרד,18.9,https://azurflowers.co.il/חנות/צמחים-לבית-ולמשרד/יהודי-נודד-נאנוק/
יהודי-נודד-סגול,יהודי נודד סגול,צמחים-למרפסת-ולגינה,18.9,https://azurflowers.co.il/חנות/צמחים-למרפסת-ולגינה/יהודי-נודד-סגול/
יהודי-נודד,יהודי נודד מגוון,צמחים-למרפסת-ולגינה,15.9,https://azurflowers.co.il/חנות/צמחים-למרפסת-ולגינה/יהודי-נודד/
יוקה-ירוקה,יוקה ירוקה,צמחים-למרפסת-ולגינה,125.0,https://azurflowers.co.il/חנות/צמחים-למרפסת-ולגינה/יוקה-ירוקה/
ירקה-בהירה,ירקה בהירה בקערה,צמחים-לבית-ולמשרד,59.0,https://azurflowers.co.il/חנות/צמחים-לבית-ולמשרד/ירקה-בהירה/
ירקה,ירקה,צמחים-למרפסת-ולגינה,15.9,https://azurflowers.co.il/חנות/צמחים-למרפסת-ולגינה/ירקה/
כיסא-החותנת-קקטוס,קקטוס כיסא החותנת,צמחים-למרפסת-ולגינה,395.0,https://azurflowers.co.il/חנות/צמחים-למרפסת-ולגינה/כיסא-החותנת-קקטוס/
כף-קנגורו,כף קנגורו,צמחים-למרפסת-ולגינה,,https://azurflowers.co.il/חנות/צמחים-למרפסת-ולגינה/כף-קנגורו/
כשיופי-ולואיזה-נפגשים,כשיופי ולואיזה נפגשים,צמחים-למרפסת-ולגינה,219.0,https://azurflowers.co.il/חנות/צמחים-למרפסת-ולגינה/כשיופי-ולואיזה-נפגשים/
לאקי-במבוק,לאקי במבוק,צמחים-לבית-ולמשרד,69.0,https://azurflowers.co.il/חנות/צמחים-לבית-ולמשרד/לאקי-במבוק/
לובליה,לובליה,צמחים-למרפסת-ולגינה,15.9,https://azurflowers.co.il/חנות/צמחים-למרפסת-ולגינה/לובליה/
לוע-הארי-בסלסלה,לוע הארי בסלסלה,צמחים-למרפסת-ולגינה,79.0,https://azurflowers.co.il/חנות/צמחים-למרפסת-ולגינה/לוע-הארי-בסלסלה/
לוע-הארי,לוע הארי,צמחים-למרפסת-ולגינה,15.9,https://azurflowers.co.il/חנות/צמחים-למרפסת-ולגינה/לוע-הארי/
ליזיאנטוס,ליזיאנטוס,צמחים-למרפסת-ולגינה,25.0,https://azurflowers.co.il/חנות/צמחים-למרפסת-ולגינה/ליזיאנטוס/
לפופית-הבטטה-איפומאה,לפופית הבטטה (איפומאה),צמחים-למרפסת-ולגינה,15.9,https://azurflowers.co.il/חנות/צמחים-למרפסת-ולגינה/לפופית-הבטטה-איפומאה/
מבצע-סחלב-עם-2-ענפים,סחלב שני ב-1 ₪! סחלב עם 2 ענפים,סחלבים,,https://azurflowers.co.il/חנות/סחלבים/מבצע-סחלב-עם-2-ענפים/
מבצע-סחלב-פלנופסיס-2-ענפים-100-שח,"מבצע סחלב 2 ענפים ב- 100 ש""ח",סחלבים,,https://azurflowers.co.il/חנות/סחלבים/מבצע-סחלב-פלנופסיס-2-ענפים-100-שח/
מונסטרה-מאנקי-מאסק-לתלייה,מונסטרה מאנקי מאסק לתלייה,צמחים-לבית-ולמשרד,139.0,https://azurflowers.co.il/חנות/צמחים-לבית-ולמשרד/מונסטרה-מאנקי-מאסק-לתלייה/
מונסטרה-מאנקי-מאסק,מונסטרה מאנקי מאסק,צמחים-לבית-ולמשרד,139.0,https://azurflowers.co.il/חנות/צמחים-לבית-ולמשרד/מונסטרה-מאנקי-מאסק/
מונסטרה-מינימה,מונסטרה מינימה,צמחים-לבית-ולמשרד,135.0,https://azurflowers.co.il/חנות/צמחים-לבית-ולמשרד/מונסטרה-מינימה/
מונסטרה-עציץ-12,"מונסטרה דליסיוסה - עציץ 12 ס""מ",צמחים-לבית-ולמשרד,35.0,https://azurflowers.co.il/חנות/צמחים-לבית-ולמשרד/מונסטרה-עציץ-12/
מונסטרה-עציץ-15-סמ,"מונסטרה - עציץ 18 ס""מ",צמחים-לבית-ולמשרד,119.0,https://azurflowers.co.il/חנות/צמחים-לבית-ולמשרד/מונסטרה-עציץ-15-סמ/
מונסטרה,מונסטרה,צמחים-לבית-ולמשרד,99.0,https://azurflowers.co.il/חנות/צמחים-לבית-ולמשרד/מונסטרה/
מילנבקיה,מילנבקיה,צמחים-למרפסת-ולגינה,15.9,https://azurflowers.co.il/חנות/צמחים-למרפסת-ולגינה/מילנבקיה/
מיקס-נשפכים-בקרמיקה,מיקס נשפכים בקרמיקה,צמחים-למרפסת-ולגינה,79.0,https://azurflowers.co.il/חנות/צמחים-למרפסת-ולגינה/מיקס-נשפכים-בקרמיקה/
מנדבילה-עציץ-18-סמ,מנדבילה,צמחים-למרפסת-ולגינה,77.0,https://azurflowers.co.il/חנות/צמחים-למרפסת-ולגינה/מנדבילה-עציץ-18-סמ/
מנדבילה,מנדבילה,צמחים-למרפסת-ולגינה,39.0,https://azurflowers.co.il/חנות/צמחים-למרפסת-ולגינה/מנדבילה/
מקרדוניה-באדנית,מקרדוניה באדנית,צמחים-למרפסת-ולגינה,119.0,https://azurflowers.co.il/חנות/צמחים-למרפסת-ולגינה/מקרדוניה-באדנית/
מקרדוניה,מקרדוניה,צמחים-למרפסת-ולגינה,15.9,https://azurflowers.co.il/חנות/צמחים-למרפסת-ולגינה/מקרדוניה/
מרווה-אינדיגו,מרווה אינדיגו,צמחים-למרפסת-ולגינה,49.0,https://azurflowers.co.il/חנות/צמחים-למרפסת-ולגינה/מרווה-אינדיגו/
מרווה-קמחית,מרווה קמחית,צמחים-למרפסת-ולגינה,15.9,https://azurflowers.co.il/חנות/צמחים-למרפסת-ולגינה/מרווה-קמחית/
מרנטה-ירוקה,מרנטה ירוקה,צמחים-לבית-ולמשרד,77.0,https://azurflowers.co.il/חנות/צמחים-לבית-ולמשרד/מרנטה-ירוקה/
מרנטה-לימון,מרנטה לימון,צמחים-לבית-ולמשרד,,https://azurflowers.co.il/חנות/צמחים-לבית-ולמשרד/מרנטה-לימון/
מרנטה,מרנטה אדומה,צמחים-לבית-ולמשרד,65.0,https://azurflowers.co.il/חנות/צמחים-לבית-ולמשרד/מרנטה/
נולינה-עציץ-18-סמ,"נולינה - עציץ 18 ס""מ",צמחים-למרפסת-ולגינה,82.0,https://azurflowers.co.il/חנות/צמחים-למרפסת-ולגינה/נולינה-עציץ-18-סמ/
נולינה-עציץ-24-סמ,"נולינה - עציץ 24 ס""מ",צמחים-למרפסת-ולגינה,129.0,https://azurflowers.co.il/חנות/צמחים-למרפסת-ולגינה/נולינה-עציץ-24-סמ/
נולינה,נולינה,צמחים-למרפסת-ולגינה,22.0,https://azurflowers.co.il/חנות/צמחים-למרפסת-ולגינה/נולינה/
ניצנית-אדומה-בכלי-קרמיקה-אדום,ניצנית אדומה בכלי קרמיקה אדום,צמחים-למרפסת-ולגינה,58.0,https://azurflowers.co.il/חנות/צמחים-למרפסת-ולגינה/ניצנית-אדומה-בכלי-קרמיקה-אדום/
ניצנית-אדומה-בעטיפת-יוטה,ניצנית אדומה בעטיפת יוטה,צמחים-למרפסת-ולגינה,23.0,https://azurflowers.co.il/חנות/צמחים-למרפסת-ולגינה/ניצנית-אדומה-בעטיפת-יוטה/
ניצנית,ניצנית,צמחים-למרפסת-ולגינה,18.9,https://azurflowers.co.il/חנות/צמחים-למרפסת-ולגינה/ניצנית/
נמטנטוס-צמח-דג-הזהב,נמטנטוס (צמח דג הזהב),צמחים-לבית-ולמשרד,33.0,https://azurflowers.co.il/חנות/צמחים-לבית-ולמשרד/נמטנטוס-צמח-דג-הזהב/
נמסיה,נמסיה (נמזיה),צמחים-למרפסת-ולגינה,15.9,https://azurflowers.co.il/חנות/צמחים-למרפסת-ולגינה/נמסיה/
ננדינה-תרבותית,ננדינה תרבותית,צמחים-למרפסת-ולגינה,123.0,https://azurflowers.co.il/חנות/צמחים-למרפסת-ולגינה/ננדינה-תרבותית/
נעלנית,נעלנית,צמחים-למרפסת-ולגינה,22.0,https://azurflowers.co.il/חנות/צמחים-למרפסת-ולגינה/נעלנית/
סביון-הימליה,סביון הימליה,צמחים-למרפסת-ולגינה,123.0,https://azurflowers.co.il/חנות/צמחים-למרפסת-ולגינה/סביון-הימליה/
סגינה,סגינה,צמחים-לבית-ולמשרד,69.0,https://azurflowers.co.il/חנות/צמחים-לבית-ולמשרד/סגינה/
סוזי-שחורת-עין-טונברגיה,סוזי שחורת עין (טונברגיה),צמחים-למרפסת-ולגינה,77.0,https://azurflowers.co.il/חנות/צמחים-למרפסת-ולגינה/סוזי-שחורת-עין-טונברגיה/
סוקולנט-בייבי,סוקולנט בייבי,סוקולנטים-וקקטוסים,11.5,https://azurflowers.co.il/חנות/סוקולנטים-וקקטוסים/סוקולנט-בייבי/
סוקולנט-בקערה,סוקולנט בקערה,צמחים-לבית-ולמשרד,59.0,https://azurflowers.co.il/חנות/צמחים-לבית-ולמשרד/סוקולנט-בקערה/
סוקולנט-גוניור,סוקולנט ג'וניור,סוקולנטים-וקקטוסים,15.0,https://azurflowers.co.il/חנות/סוקולנטים-וקקטוסים/סוקולנט-גוניור/
סוקולנטים-5-עציצים,סוקולנטים - 5 עציצים,סוקולנטים-וקקטוסים,89.0,https://azurflowers.co.il/חנות/סוקולנטים-וקקטוסים/סוקולנטים-5-עציצים/
סוקולנטים-קקטוסים-בכלי-קרמיקה,3 סוקולנטים / קקטוסים בכלי קרמיקה מלבני,צמחים-לבית-ולמשרד,89.0,https://azurflowers.co.il/חנות/צמחים-לבית-ולמשרד/סוקולנטים-קקטוסים-בכלי-קרמיקה/
סחלב-2-ענפים-כולל-קרמיקה-ו2-בקבוקי-יין,סחלב פלנופסיס 2 ענפים כולל כלי קרמיקה + 2 בקבוקי יין אדום,סחלבים,330.0,https://azurflowers.co.il/חנות/סחלבים/סחלב-2-ענפים-כולל-קרמיקה-ו2-בקבוקי-יין/
סחלב-2-ענפים-כולל-קרמיקה-ובקבוק-יין-אדום,סחלב פלנופסיס 2 ענפים כולל כלי קרמיקה + בקבוק יין אדום,סחלבים,234.0,https://azurflowers.co.il/חנות/סחלבים/סחלב-2-ענפים-כולל-קרמיקה-ובקבוק-יין-אדום/
סחלב-2-ענפים-כולל-קרמיקה-ודבש,סחלב פלנופסיס 2 ענפים כולל כלי קרמיקה + צנצנת דבש,סחלבים,230.0,https://azurflowers.co.il/חנות/סחלבים/סחלב-2-ענפים-כולל-קרמיקה-ודבש/
סחלב-אונצידיום-מגוון,סחלב אונצידיום מגוון,סחלבים,,https://azurflowers.co.il/חנות/סחלבים/סחלב-אונצידיום-מגוון/
סחלב-אונצידיום-צהוב,סחלב אונצידיום צהוב,סחלבים,,https://azurflowers.co.il/חנות/סחלבים/סחלב-אונצידיום-צהוב/
סחלב-אונצידיום,סחלב אונצידיום,סחלבים,,https://azurflowers.co.il/חנות/סחלבים/סחלב-אונצידיום/
סחלב-אפידנדרום,סחלב אפידנדרום,סחלבים,139.0,https://azurflowers.co.il/חנות/סחלבים/סחלב-אפידנדרום/
סחלב-דנדרוביום-ענק,סחלב דנדרוביום ענק,סחלבים,199.0,https://azurflowers.co.il/חנות/סחלבים/סחלב-דנדרוביום-ענק/
סחלב-דנדרוביום,סחלב דנדרוביום נובילה,סחלבים,,https://azurflowers.co.il/חנות/סחלבים/סחלב-דנדרוביום/
סחלב-כחול-2-ענפים-בכלי-קרמיקה-בקבוק-יין,סחלב כחול 2 ענפים בכלי קרמיקה + בקבוק יין,סחלבים,309.0,https://azurflowers.co.il/חנות/סחלבים/סחלב-כחול-2-ענפים-בכלי-קרמיקה-בקבוק-יין/
סחלב-מיני-פלנופסיס-3-ענפים-בכלי-קרמיקה,סחלב מיני פלנופסיס 3 ענפים בכלי קרמיקה + בקבוק יין,סחלבים,279.0,https://azurflowers.co.il/חנות/סחלבים/סחלב-מיני-פלנופסיס-3-ענפים-בכלי-קרמיקה/
סחלב-פלנופסיס-1-ענף,סחלב פלנופסיס - ענף 1,סחלבים,140.0,https://azurflowers.co.il/חנות/סחלבים/סחלב-פלנופסיס-1-ענף/
סחלב-פלנופסיס-2-ענפים-בכלי-קרמיקה-אדום,סחלב פלנופסיס 2 ענפים בכלי קרמיקה אדום,סחלבים,220.0,https://azurflowers.co.il/חנות/סחלבים/סחלב-פלנופסיס-2-ענפים-בכלי-קרמיקה-אדום/
סחלב-פלנופסיס-2-ענפים-יין-כשר,סחלב פלנופסיס 2 ענפים + בקבוק יין כשר,סחלבים,219.0,https://azurflowers.co.il/חנות/סחלבים/סחלב-פלנופסיס-2-ענפים-יין-כשר/
סחלב-פלנופסיס-2-ענפים-כולל-כלי-קרמיקה,סחלב פלנופסיס - 2 ענפים כולל כלי קרמיקה,סחלבים,170.0,https://azurflowers.co.il/חנות/סחלבים/סחלב-פלנופסיס-2-ענפים-כולל-כלי-קרמיקה/
סחלב-פלנופסיס-2-ענפים-סחלב-דנדרוביום,סחלב פלנופסיס 2 ענפים + סחלב דנדרוביום + בקבוק יין,סחלבים,319.0,https://azurflowers.co.il/חנות/סחלבים/סחלב-פלנופסיס-2-ענפים-סחלב-דנדרוביום/
סחלב-פלנופסיס-2-ענפים-קרמיקה-סגול,סחלב פלנופסיס - 2 ענפים כולל כלי קרמיקה סגול,סחלבים,130.0,https://azurflowers.co.il/חנות/סחלבים/סחלב-פלנופסיס-2-ענפים-קרמיקה-סגול/
סחלב-פלנופסיס-2-ענפים,סחלב פלנופסיס - 2 ענפים,סחלבים,100.0,https://azurflowers.co.il/חנות/סחלבים/סחלב-פלנופסיס-2-ענפים/
סחלב-פלנופסיס-3-ענפים,סחלב פלנופסיס - 3 ענפים,סחלבים,200.0,https://azurflowers.co.il/חנות/סחלבים/סחלב-פלנופסיס-3-ענפים/
סחלב-פלנופסיס-4-ענפים,סחלב פלנופסיס - 4 ענפים,סחלבים,349.0,https://azurflowers.co.il/חנות/סחלבים/סחלב-פלנופסיס-4-ענפים/
סחלב-פלנופסיס-כחול-2-ענפים,סחלב פלנופסיס כחול - 2 ענפים,סחלבים,220.0,https://azurflowers.co.il/חנות/סחלבים/סחלב-פלנופסיס-כחול-2-ענפים/
סחלב-פלנופסיס-לבן-2-ענפים-יין-כשר,סחלב פלנופסיס לבן 2 ענפים + בקבוק יין כשר,סחלבים,225.0,https://azurflowers.co.il/חנות/סחלבים/סחלב-פלנופסיס-לבן-2-ענפים-יין-כשר/
סחלב-פלנופסיס-מיני-2-ענפים,סחלב פלנופסיס מיני - 2 ענפים,סחלבים,,https://azurflowers.co.il/חנות/סחלבים/סחלב-פלנופסיס-מיני-2-ענפים/
סחלב-פלנופסיס-מיני-ענף-1,סחלב פלנופסיס מיני - ענף 1,סחלבים,,https://azurflowers.co.il/חנות/סחלבים/סחלב-פלנופסיס-מיני-ענף-1/
סחלב-פלנופסיס-מיקרו-בקבוק-יין,סחלב מיקרו פלנופסיס בכלי קרמיקה + בקבוק יין,סחלבים,179.0,https://azurflowers.co.il/חנות/סחלבים/סחלב-פלנופסיס-מיקרו-בקבוק-יין/
סחלב-פלנופסיס-מיקרו,סחלב פלנופסיס מיקרו,סחלבים,150.0,https://azurflowers.co.il/חנות/סחלבים/סחלב-פלנופסיס-מיקרו/
סחלב-פלנופסיס-ענף-1-בכלי-קרמיקה-יין,סחלב פלנופסיס ענף 1 בכלי קרמיקה + בקבוק יין,סחלבים,229.0,https://azurflowers.co.il/חנות/סחלבים/סחלב-פלנופסיס-ענף-1-בכלי-קרמיקה-יין/
סחלב-פלנופסיס-ענף-1-בכלי-קרמיקה,סחלב פלנופסיס - ענף 1 כולל כלי קרמיקה,סחלבים,189.0,https://azurflowers.co.il/חנות/סחלבים/סחלב-פלנופסיס-ענף-1-בכלי-קרמיקה/
סחלב-פלנופסיס-ענף-1-כלי-קרמיקה-סגול,סחלב פלנופסיס - ענף 1 כולל כלי קרמיקה סגול,סחלבים,100.0,https://azurflowers.co.il/חנות/סחלבים/סחלב-פלנופסיס-ענף-1-כלי-קרמיקה-סגול/
סחלב-צימבידיום-ענק,סחלב צימבידיום ענק,סחלבים,899.0,https://azurflowers.co.il/חנות/סחלבים/סחלב-צימבידיום-ענק/
סחלב-צימבידיום,סחלב צימבידיום,סחלבים,,https://azurflowers.co.il/חנות/סחלבים/סחלב-צימבידיום/
סחלב-קטליאה,סחלב קטליאה Cattleya,סחלבים,,https://azurflowers.co.il/חנות/סחלבים/סחלב-קטליאה/
סחלב-שני-ב-50-הנחה-סחלב-עם-2-ענפים,סחלב שני ב-50% הנחה! סחלב עם 2 ענפים,סחלבים,,https://azurflowers.co.il/חנות/סחלבים/סחלב-שני-ב-50-הנחה-סחלב-עם-2-ענפים/
סחלב-שני-ב-50-הנחה-סחלב-עם-ענף-1,סחלב שני ב- 50% הנחה! סחלב עם ענף 1,סחלבים,,https://azurflowers.co.il/חנות/סחלבים/סחלב-שני-ב-50-הנחה-סחלב-עם-ענף-1/
סחלב-שני-בשקל-עם-1-ענף,סחלב שני ב-1 ₪! סחלב עם ענף 1,סחלבים,,https://azurflowers.co.il/חנות/סחלבים/סחלב-שני-בשקל-עם-1-ענף/
סחלבים-למאכל,פרחים למאכל - סחלבים למאכל,סחלבים,200.0,https://azurflowers.co.il/חנות/סחלבים/סחלבים-למאכל/
סטרובילנטוס-גולדפוסיה,סטרובילנטוס גולדפוסיה,צמחים-למרפסת-ולגינה,105.0,https://azurflowers.co.il/חנות/צמחים-למרפסת-ולגינה/סטרובילנטוס-גולדפוסיה/
סיגלית-אוסטרלית,סיגלית אוסטרלית,צמחים-למרפסת-ולגינה,15.9,https://azurflowers.co.il/חנות/צמחים-למרפסת-ולגינה/סיגלית-אוסטרלית/
סיגלית,סיגלית אפריקאית,צמחים-לבית-ולמשרד,45.0,https://azurflowers.co.il/חנות/צמחים-לבית-ולמשרד/סיגלית/
סיזיגיום-עציץ-18-סמ,"סיזיגיום - עציץ 18 ס""מ",צמחים-למרפסת-ולגינה,69.0,https://azurflowers.co.il/חנות/צמחים-למרפסת-ולגינה/סיזיגיום-עציץ-18-סמ/
סיזיגיום-עציץ-24-סמ,"סיזיגיום - עציץ 24 ס""מ",צמחים-למרפסת-ולגינה,229.0,https://azurflowers.co.il/חנות/צמחים-למרפסת-ולגינה/סיזיגיום-עציץ-24-סמ/
סיזיגיום,סיזיגיום,צמחים-למרפסת-ולגינה,15.9,https://azurflowers.co.il/חנות/צמחים-למרפסת-ולגינה/סיזיגיום/
סינגוניום-בכלי-מעוצב,סינגוניום בכלי מעוצב,צמחים-לבית-ולמשרד,120.0,https://azurflowers.co.il/חנות/צמחים-לבית-ולמשרד/סינגוניום-בכלי-מעוצב/
סינגוניום-גדול,סינגוניום גדול,צמחים-לבית-ולמשרד,169.0,https://azurflowers.co.il/חנות/צמחים-לבית-ולמשרד/סינגוניום-גדול/
סינגוניום-טריליף-וונדר,סינגוניום טריליף וונדר,צמחים-לבית-ולמשרד,129.0,https://azurflowers.co.il/חנות/צמחים-לבית-ולמשרד/סינגוניום-טריליף-וונדר/
סינגוניום-עציץ-12-סמ,סינגוניום,צמחים-לבית-ולמשרד,33.0,https://azurflowers.co.il/חנות/צמחים-לבית-ולמשרד/סינגוניום-עציץ-12-סמ/
סינגוניום,סינגוניום בינוני,צמחים-לבית-ולמשרד,89.0,https://azurflowers.co.il/חנות/צמחים-לבית-ולמשרד/סינגוניום/
סלסלי-כסף,סלסלי כסף,צמחים-למרפסת-ולגינה,15.9,https://azurflowers.co.il/חנות/צמחים-למרפסת-ולגינה/סלסלי-כסף/
סנסיווריה-אדומה-בכלי-קרמיקה,סנסיווריה אדומה בכלי קרמיקה,צמחים-לבית-ולמשרד,99.0,https://azurflowers.co.il/חנות/צמחים-לבית-ולמשרד/סנסיווריה-אדומה-בכלי-קרמיקה/
סנסיווריה-בונסאי,סנסיווריה בונסאי,צמחים-לבית-ולמשרד,64.0,https://azurflowers.co.il/חנות/צמחים-לבית-ולמשרד/סנסיווריה-בונסאי/
סנסיווריה-גולדן-האני,סנסיווריה גולדן האני,צמחים-לבית-ולמשרד,55.0,https://azurflowers.co.il/חנות/צמחים-לבית-ולמשרד/סנסיווריה-גולדן-האני/
סנסיווריה-גולדן-פליים,סנסיווריה גולדן פליים,צמחים-לבית-ולמשרד,,https://azurflowers.co.il/חנות/צמחים-לבית-ולמשרד/סנסיווריה-גולדן-פליים/
סנסיווריה-גלילית,סנסיווריה גלילית,צמחים-לבית-ולמשרד,175.0,https://azurflowers.co.il/חנות/צמחים-לבית-ולמשרד/סנסיווריה-גלילית/
סנסיווריה-דמוי-קוצים,סנסיווריה מיקדו גדולה,צמחים-לבית-ולמשרד,,https://azurflowers.co.il/חנות/צמחים-לבית-ולמשרד/סנסיווריה-דמוי-קוצים/
סנסיווריה-ויקטוריה,סנסיווריה ויקטוריה,צמחים-לבית-ולמשרד,39.0,https://azurflowers.co.il/חנות/צמחים-לבית-ולמשרד/סנסיווריה-ויקטוריה/
סנסיווריה-ירוקה,סנסיווריה ירוקה,צמחים-לבית-ולמשרד,80.0,https://azurflowers.co.il/חנות/צמחים-לבית-ולמשרד/סנסיווריה-ירוקה/
סנסיווריה-כהה,סנסיווריה כהה,צמחים-לבית-ולמשרד,,https://azurflowers.co.il/חנות/צמחים-לבית-ולמשרד/סנסיווריה-כהה/
סנסיווריה-לשון-החותנת,סנסיווריה סופרב - לשון החותנת,צמחים-לבית-ולמשרד,98.0,https://azurflowers.co.il/חנות/צמחים-לבית-ולמשרד/סנסיווריה-לשון-החותנת/
סנסיווריה-מיקדו,סנסיווריה מיקדו,צמחים-לבית-ולמשרד,64.0,https://azurflowers.co.il/חנות/צמחים-לבית-ולמשרד/סנסיווריה-מיקדו/
סנסיווריה-עציץ-בינוני,סנסיווריה - עציץ בינוני,צמחים-לבית-ולמשרד,55.0,https://azurflowers.co.il/חנות/צמחים-לבית-ולמשרד/סנסיווריה-עציץ-בינוני/
סנסיווריה-עציץ-גדול,סנסיווריה - עציץ גדול,צמחים-לבית-ולמשרד,90.0,https://azurflowers.co.il/חנות/צמחים-לבית-ולמשרד/סנסיווריה-עציץ-גדול/
סנסיווריה-עציץ-ענק,סנסיווריה - עציץ ענק,צמחים-לבית-ולמשרד,175.0,https://azurflowers.co.il/חנות/צמחים-לבית-ולמשרד/סנסיווריה-עציץ-ענק/
סנסיווריה-עציץ-קטן,סנסיווריה - עציץ קטן,צמחים-לבית-ולמשרד,56.0,https://azurflowers.co.il/חנות/צמחים-לבית-ולמשרד/סנסיווריה-עציץ-קטן/
סנסיווריה-צבעונית,סנסיווריה צבעונית בכלי קרמיקה,צמחים-לבית-ולמשרד,149.0,https://azurflowers.co.il/חנות/צמחים-לבית-ולמשרד/סנסיווריה-צבעונית/
סנסיווריה-צמה,סנסיווריה טוויסט,צמחים-לבית-ולמשרד,102.0,https://azurflowers.co.il/חנות/צמחים-לבית-ולמשרד/סנסיווריה-צמה/
סנסיווריה,סנסיווריה,צמחים-לבית-ולמשרד,70.0,https://azurflowers.co.il/חנות/צמחים-לבית-ולמשרד/סנסיווריה/
ספטיפיליום-בכלי-מעוצב,ספטיפיליום בכלי מעוצב,צמחים-לבית-ולמשרד,199.0,https://azurflowers.co.il/חנות/צמחים-לבית-ולמשרד/ספטיפיליום-בכלי-מעוצב/
ספטיפיליום-בכלי-קרמיקה-בקבוק-יין,ספטיפיליום בכלי קרמיקה + בקבוק יין,צמחים-לבית-ולמשרד,130.0,https://azurflowers.co.il/חנות/צמחים-לבית-ולמשרד/ספטיפיליום-בכלי-קרמיקה-בקבוק-יין/
ספטיפיליום-גדול,ספטיפיליום גדול,צמחים-לבית-ולמשרד,145.0,https://azurflowers.co.il/חנות/צמחים-לבית-ולמשרד/ספטיפיליום-גדול/
ספטיפיליום-ענק,ספטיפיליום ענק,צמחים-לבית-ולמשרד,,https://azurflowers.co.il/חנות/צמחים-לבית-ולמשרד/ספטיפיליום-ענק/
ספטיפיליום-קטן,ספטיפיליום קטן,צמחים-לבית-ולמשרד,,https://azurflowers.co.il/חנות/צמחים-לבית-ולמשרד/ספטיפיליום-קטן/
ספטיפיליום,ספטיפיליום בינוני,צמחים-לבית-ולמשרד,69.0,https://azurflowers.co.il/חנות/צמחים-לבית-ולמשרד/ספטיפיליום/
ספטפיליום-ענק-בכלי,ספטפיליום ענק בכלי,צמחים-לבית-ולמשרד,569.0,https://azurflowers.co.il/חנות/צמחים-לבית-ולמשרד/ספטפיליום-ענק-בכלי/
ספטפיליום-ענק,ספטפיליום ענק,צמחים-לבית-ולמשרד,299.0,https://azurflowers.co.il/חנות/צמחים-לבית-ולמשרד/ספטפיליום-ענק/
סקיבולה,סקיבולה,צמחים-למרפסת-ולגינה,15.9,https://azurflowers.co.il/חנות/צמחים-למרפסת-ולגינה/סקיבולה/
עגבניית-שרי,עגבניית שרי,צמחים-למרפסת-ולגינה,45.0,https://azurflowers.co.il/חנות/צמחים-למרפסת-ולגינה/עגבניית-שרי/
ענבל-פלטיקודון,ענבל (פלטיקודון),צמחים-למרפסת-ולגינה,22.0,https://azurflowers.co.il/חנות/צמחים-למרפסת-ולגינה/ענבל-פלטיקודון/
עץ-אבוקדו,עץ אבוקדו,עצים,180.0,https://azurflowers.co.il/חנות/עצים/עץ-אבוקדו/
עץ-אשכולית,עץ אשכולית,עצים,109.0,https://azurflowers.co.il/חנות/עצים/עץ-אשכולית/
עץ-האהבה-ברכיכיטון,עץ האהבה ברכיכיטון בכלי קרמיקה,צמחים-לבית-ולמשרד,169.0,https://azurflowers.co.il/חנות/צמחים-לבית-ולמשרד/עץ-האהבה-ברכיכיטון/
עץ-האהבה-כסוניה-בכלי-גדול,עץ האהבה כסוניה בכלי קרמיקה גדול,צמחים-לבית-ולמשרד,330.0,https://azurflowers.co.il/חנות/צמחים-לבית-ולמשרד/עץ-האהבה-כסוניה-בכלי-גדול/
עץ-האהבה-כסוניה-בכלי-קרמיקה-גדול,עץ האהבה כסוניה בכלי קרמיקה בינוני,צמחים-לבית-ולמשרד,219.0,https://azurflowers.co.il/חנות/צמחים-לבית-ולמשרד/עץ-האהבה-כסוניה-בכלי-קרמיקה-גדול/
עץ-האהבה-כסוניה-בכלי-קרמיקה,עץ האהבה כסוניה בכלי קרמיקה,צמחים-לבית-ולמשרד,149.0,https://azurflowers.co.il/חנות/צמחים-לבית-ולמשרד/עץ-האהבה-כסוניה-בכלי-קרמיקה/
עץ-הכסף-בכלי-קרמיקה-קטן,עץ הכסף בכלי קרמיקה/חרס קטן,צמחים-לבית-ולמשרד,59.0,https://azurflowers.co.il/חנות/צמחים-לבית-ולמשרד/עץ-הכסף-בכלי-קרמיקה-קטן/
עץ-הכסף-פורטולקריה-בכלי-קרמיקה-אבן,עץ הכסף פורטולקריה בכלי קרמיקה,צמחים-לבית-ולמשרד,198.0,https://azurflowers.co.il/חנות/צמחים-לבית-ולמשרד/עץ-הכסף-פורטולקריה-בכלי-קרמיקה-אבן/
עץ-הכסף-פורטולקריה-בכלי-קרמיקה,עץ הכסף פורטולקריה בכלי קרמיקה,צמחים-לבית-ולמשרד,100.0,https://azurflowers.co.il/חנות/צמחים-לבית-ולמשרד/עץ-הכסף-פורטולקריה-בכלי-קרמיקה/
עץ-הכסף-פורטולקריה-עציץ-מרובע,עץ הכסף (פורטולקריה) - עציץ מרובע,צמחים-לבית-ולמשרד,55.0,https://azurflowers.co.il/חנות/צמחים-לבית-ולמשרד/עץ-הכסף-פורטולקריה-עציץ-מרובע/
עץ-הכסף,עץ הכסף (פורטולקריה),צמחים-לבית-ולמשרד,99.0,https://azurflowers.co.il/חנות/צמחים-לבית-ולמשרד/עץ-הכסף/
עץ-זית-בונסאי-ענק,עץ זית בונסאי ענק,צמחים-לבית-ולמשרד,489.0,https://azurflowers.co.il/חנות/צמחים-לבית-ולמשרד/עץ-זית-בונסאי-ענק/
עץ-זית-בונסאי,עץ זית בונסאי,צמחים-לבית-ולמשרד,,https://azurflowers.co.il/חנות/צמחים-לבית-ולמשרד/עץ-זית-בונסאי/
עץ-זית-בינוני-בכלי-קרמיקה-בקבוק-יין,עץ זית בינוני בכלי קרמיקה + בקבוק יין,צמחים-לבית-ולמשרד,,https://azurflowers.co.il/חנות/צמחים-לבית-ולמשרד/עץ-זית-בינוני-בכלי-קרמיקה-בקבוק-יין/
עץ-זית-בכלי-קרמיקה-בקבוק-יין,עץ זית בכלי קרמיקה + בקבוק יין,צמחים-לבית-ולמשרד,209.0,https://azurflowers.co.il/חנות/צמחים-לבית-ולמשרד/עץ-זית-בכלי-קרמיקה-בקבוק-יין/
עץ-זית-סורי,עץ זית ברנע,עצים,264.0,https://azurflowers.co.il/חנות/עצים/עץ-זית-סורי/
עץ-לימון-סיני-לימקוואט,עץ לימון סיני (לימקוואט),עצים,109.0,https://azurflowers.co.il/חנות/עצים/עץ-לימון-סיני-לימקוואט/
עץ-לימון,עץ לימון,עצים,109.0,https://azurflowers.co.il/חנות/עצים/עץ-לימון/
עץ-ליצי,עץ ליצ'י,עצים,200.0,https://azurflowers.co.il/חנות/עצים/עץ-ליצי/
עץ-מנגו-מאיה,עץ מנגו מאיה,עצים,180.0,https://azurflowers.co.il/חנות/עצים/עץ-מנגו-מאיה/
עץ-פומלה,עץ פומלה,עצים,109.0,https://azurflowers.co.il/חנות/עצים/עץ-פומלה/
עץ-קלמנטינה,עץ קלמנטינה,עצים,109.0,https://azurflowers.co.il/חנות/עצים/עץ-קלמנטינה/
עץ-תפוז-סיני-קומקוואט,עץ תפוז סיני (קומקוואט),עצים,109.0,https://azurflowers.co.il/חנות/עצים/עץ-תפוז-סיני-קומקוואט/
עץ-תפוז,עץ תפוז,עצים,109.0,https://azurflowers.co.il/חנות/עצים/עץ-תפוז/
פוטוס-לתלייה,פוטוס לתלייה,צמחים-לבית-ולמשרד,69.0,https://azurflowers.co.il/חנות/צמחים-לבית-ולמשרד/פוטוס-לתלייה/
פוטוס-מגוון-עציץ-12-סמ,פוטוס מגוון (אנג'וי),צמחים-לבית-ולמשרד,37.0,https://azurflowers.co.il/חנות/צמחים-לבית-ולמשרד/פוטוס-מגוון-עציץ-12-סמ/
פוטוס-מגוון,פוטוס מגוון לתלייה (אנג'וי),צמחים-לבית-ולמשרד,69.0,https://azurflowers.co.il/חנות/צמחים-לבית-ולמשרד/פוטוס-מגוון/
פוטוס-מוס,פוטוס מוס,צמחים-לבית-ולמשרד,279.0,https://azurflowers.co.il/חנות/צמחים-לבית-ולמשרד/פוטוס-מוס/
פוטוס-תאילנדי-פיקטוס,פוטוס תאילנדי (פיקטוס),צמחים-לבית-ולמשרד,45.0,https://azurflowers.co.il/חנות/צמחים-לבית-ולמשרד/פוטוס-תאילנדי-פיקטוס/
פוטוס,פוטוס,צמחים-לבית-ולמשרד,29.0,https://azurflowers.co.il/חנות/צמחים-לבית-ולמשרד/פוטוס/
פורטולקה,פורטולקה Portulaca,צמחים-למרפסת-ולגינה,15.9,https://azurflowers.co.il/חנות/צמחים-למרפסת-ולגינה/פורטולקה/
פטוניה-אדומה-בעטיפת-עיתון,פטוניה בעטיפת עיתון,צמחים-למרפסת-ולגינה,19.0,https://azurflowers.co.il/חנות/צמחים-למרפסת-ולגינה/פטוניה-אדומה-בעטיפת-עיתון/
פטוניה-בקערה,פטוניה בקערה,צמחים-למרפסת-ולגינה,45.0,https://azurflowers.co.il/חנות/צמחים-למרפסת-ולגינה/פטוניה-בקערה/
פטוניה,פטוניה,צמחים-למרפסת-ולגינה,15.9,https://azurflowers.co.il/חנות/צמחים-למרפסת-ולגינה/פטוניה/
פטל-אדום,פטל אדום,צמחים-למרפסת-ולגינה,179.0,https://azurflowers.co.il/חנות/צמחים-למרפסת-ולגינה/פטל-אדום/
פטל-שחור-ללא-חרצנים,פטל שחור ללא חרצנים,צמחים-למרפסת-ולגינה,69.0,https://azurflowers.co.il/חנות/צמחים-למרפסת-ולגינה/פטל-שחור-ללא-חרצנים/
פיטוניה-גידי-כסף,פיטוניה גידי כסף,צמחים-לבית-ולמשרד,45.0,https://azurflowers.co.il/חנות/צמחים-לבית-ולמשרד/פיטוניה-גידי-כסף/
פילאה-כסופה,פילאה כסופה,צמחים-לבית-ולמשרד,29.0,https://azurflowers.co.il/חנות/צמחים-לבית-ולמשרד/פילאה-כסופה/
פילאה-פפרומידיס,פילאה פפרומידיס,צמחים-לבית-ולמשרד,45.0,https://azurflowers.co.il/חנות/צמחים-לבית-ולמשרד/פילאה-פפרומידיס/
פילדנדרום-ביפי,פילודנדרון ביפי,צמחים-לבית-ולמשרד,49.0,https://azurflowers.co.il/חנות/צמחים-לבית-ולמשרד/פילדנדרום-ביפי/
פילודונדרון-סקנדס,פילודונדרון סקנדס,צמחים-לבית-ולמשרד,98.0,https://azurflowers.co.il/חנות/צמחים-לבית-ולמשרד/פילודונדרון-סקנדס/
פילודנדרון-ביפי-עציץ-12-סמ,"פילודנדרון ביפי - עציץ 12 ס""מ",צמחים-לבית-ולמשרד,25.0,https://azurflowers.co.il/חנות/צמחים-לבית-ולמשרד/פילודנדרון-ביפי-עציץ-12-סמ/
פילודנדרון-בירקין-עציץ-12-סמ,פילודנדרון בירקין,צמחים-לבית-ולמשרד,49.0,https://azurflowers.co.il/חנות/צמחים-לבית-ולמשרד/פילודנדרון-בירקין-עציץ-12-סמ/
פילודנדרון-בירקין,פילודנדרון בירקין,צמחים-לבית-ולמשרד,165.0,https://azurflowers.co.il/חנות/צמחים-לבית-ולמשרד/פילודנדרון-בירקין/
פילכון-עציץ-18-סמ,"פילכון - עציץ 18 ס""מ",צמחים-למרפסת-ולגינה,59.0,https://azurflowers.co.il/חנות/צמחים-למרפסת-ולגינה/פילכון-עציץ-18-סמ/
פילכון,פילכון,צמחים-למרפסת-ולגינה,15.9,https://azurflowers.co.il/חנות/צמחים-למרפסת-ולגינה/פילכון/
פיקוס-בנימינה,פיקוס בנימינה,צמחים-למרפסת-ולגינה,89.0,https://azurflowers.co.il/חנות/צמחים-למרפסת-ולגינה/פיקוס-בנימינה/
פיקוס-גומי-מגוון,פיקוס גומי מגוון,צמחים-למרפסת-ולגינה,63.0,https://azurflowers.co.il/חנות/צמחים-למרפסת-ולגינה/פיקוס-גומי-מגוון/
פיקוס-גומי-שחור,פיקוס גומי שחור,צמחים-למרפסת-ולגינה,63.0,https://azurflowers.co.il/חנות/צמחים-למרפסת-ולגינה/פיקוס-גומי-שחור/
פיקוס-גומי,פיקוס גומי,צמחים-למרפסת-ולגינה,63.0,https://azurflowers.co.il/חנות/צמחים-למרפסת-ולגינה/פיקוס-גומי/
פיקוס-כינורי-עציץ-15-סמ,"פיקוס כינורי - עציץ 12 ס""מ",צמחים-לבית-ולמשרד,75.0,https://azurflowers.co.il/חנות/צמחים-לבית-ולמשרד/פיקוס-כינורי-עציץ-15-סמ/
פיקוס-כינורי,פיקוס כינורי,צמחים-לבית-ולמשרד,140.0,https://azurflowers.co.il/חנות/צמחים-לבית-ולמשרד/פיקוס-כינורי/
פיקוס-סוויט-הארט-לבבות-עציץ-12-סמ,"פיקוס סוויט הארט לבבות - עציץ 12 ס""מ",צמחים-למרפסת-ולגינה,33.0,https://azurflowers.co.il/חנות/צמחים-למרפסת-ולגינה/פיקוס-סוויט-הארט-לבבות-עציץ-12-סמ/
פיקוס-סוויט-הארט-לבבות-עציץ-22-סמ,"פיקוס סוויט הארט לבבות - עציץ 18 ס""מ",צמחים-למרפסת-ולגינה,79.0,https://azurflowers.co.il/חנות/צמחים-למרפסת-ולגינה/פיקוס-סוויט-הארט-לבבות-עציץ-22-סמ/
פכיפודיום,פכיפודיום,צמחים-למרפסת-ולגינה,157.0,https://azurflowers.co.il/חנות/צמחים-למרפסת-ולגינה/פכיפודיום/
פלפל-חריף-עציץ,פלפל חריף,צמחים-למרפסת-ולגינה,45.0,https://azurflowers.co.il/חנות/צמחים-למרפסת-ולגינה/פלפל-חריף-עציץ/
פלפל-חריף,פלפל חריף,צמחים-למרפסת-ולגינה,19.0,https://azurflowers.co.il/חנות/צמחים-למרפסת-ולגינה/פלפל-חריף/
פלקטרנטוס,פלקטרנטוס דוחה יתושים,צמחים-למרפסת-ולגינה,15.9,https://azurflowers.co.il/חנות/צמחים-למרפסת-ולגינה/פלקטרנטוס/
פנדוראה,פנדוראה,צמחים-למרפסת-ולגינה,75.0,https://azurflowers.co.il/חנות/צמחים-למרפסת-ולגינה/פנדוראה/
פנטאס,פנטאס (פנטס),צמחים-למרפסת-ולגינה,18.9,https://azurflowers.co.il/חנות/צמחים-למרפסת-ולגינה/פנטאס/
פסיפלורה,פסיפלורה,צמחים-למרפסת-ולגינה,77.0,https://azurflowers.co.il/חנות/צמחים-למרפסת-ולגינה/פסיפלורה/
פפרומיה-הפי-בין,פפרומיה הפי בין,צמחים-לבית-ולמשרד,63.0,https://azurflowers.co.il/חנות/צמחים-לבית-ולמשרד/פפרומיה-הפי-בין/
פפרומיה-עציץ-12-סמ,פפרומיה מגניפוליה,צמחים-למרפסת-ולגינה,31.0,https://azurflowers.co.il/חנות/צמחים-למרפסת-ולגינה/פפרומיה-עציץ-12-סמ/
פפרומיה-פיקולו-בנדה,פפרומיה פיקולו בנדה,צמחים-לבית-ולמשרד,45.0,https://azurflowers.co.il/חנות/צמחים-לבית-ולמשרד/פפרומיה-פיקולו-בנדה/
פפרומיה-רוסו,פפרומיה רוסו,צמחים-לבית-ולמשרד,45.0,https://azurflowers.co.il/חנות/צמחים-לבית-ולמשרד/פפרומיה-רוסו/
פפרומיה,פפרומיה מגניפוליה קערה,צמחים-לבית-ולמשרד,75.0,https://azurflowers.co.il/חנות/צמחים-לבית-ולמשרד/פפרומיה/
פרימולה-בכור-אביב,פרימולה (בכור אביב),צמחים-למרפסת-ולגינה,20.0,https://azurflowers.co.il/חנות/צמחים-למרפסת-ולגינה/פרימולה-בכור-אביב/
ציפור-גן-עדן-ניקולאי,ציפור גן עדן - ניקולאי,צמחים-למרפסת-ולגינה,,https://azurflowers.co.il/חנות/צמחים-למרפסת-ולגינה/ציפור-גן-עדן-ניקולאי/
ציפורן-אמריקאי,ציפורן אמריקאי,צמחים-למרפסת-ולגינה,15.9,https://azurflowers.co.il/חנות/צמחים-למרפסת-ולגינה/ציפורן-אמריקאי/
ציפורני-חתול-קלנדולה,ציפורני חתול (קלנדולה),צמחים-למרפסת-ולגינה,18.0,https://azurflowers.co.il/חנות/צמחים-למרפסת-ולגינה/ציפורני-חתול-קלנדולה/
ציקס,ציקס,צמחים-למרפסת-ולגינה,330.0,https://azurflowers.co.il/חנות/צמחים-למרפסת-ולגינה/ציקס/
צסטרום-לילי-יערת-הדבש-מלכת-הלילה,צסטרום לילי (יערת הדבש / מלכת הלילה),צמחים-למרפסת-ולגינה,19.0,https://azurflowers.co.il/חנות/צמחים-למרפסת-ולגינה/צסטרום-לילי-יערת-הדבש-מלכת-הלילה/
צסטרום-לילי-מלכת-הלילה,צסטרום לילי (מלכת הלילה),צמחים-למרפסת-ולגינה,19.0,https://azurflowers.co.il/חנות/צמחים-למרפסת-ולגינה/צסטרום-לילי-מלכת-הלילה/
קולאוס-בכלי-עץ,קולאוס בכלי עץ,צמחים-למרפסת-ולגינה,69.0,https://azurflowers.co.il/חנות/צמחים-למרפסת-ולגינה/קולאוס-בכלי-עץ/
קולאוס,קולאוס,צמחים-למרפסת-ולגינה,15.9,https://azurflowers.co.il/חנות/צמחים-למרפסת-ולגינה/קולאוס/
קופאה-גבנון-עציץ-18-סמ,"קופאה (גבנון) - עציץ 18 ס""מ",צמחים-למרפסת-ולגינה,39.0,https://azurflowers.co.il/חנות/צמחים-למרפסת-ולגינה/קופאה-גבנון-עציץ-18-סמ/
קופאה-גבנון,קופאה (גבנון),צמחים-למרפסת-ולגינה,15.9,https://azurflowers.co.il/חנות/צמחים-למרפסת-ולגינה/קופאה-גבנון/
קוקטייל-בינוני-של-סוקולנטים-וקקטוסים,קוקטייל בינוני של סוקולנטים וקקטוסים בכלי קרמיקה + בקבוק יין,צמחים-לבית-ולמשרד,149.0,https://azurflowers.co.il/חנות/צמחים-לבית-ולמשרד/קוקטייל-בינוני-של-סוקולנטים-וקקטוסים/
קוקטייל-גדול-של-סוקולנטים-וקקטוסים-בכ,קוקטייל גדול של סוקולנטים וקקטוסים בכלי קרמיקה + בקבוק יין,צמחים-לבית-ולמשרד,219.0,https://azurflowers.co.il/חנות/צמחים-לבית-ולמשרד/קוקטייל-גדול-של-סוקולנטים-וקקטוסים-בכ/
קוקטייל-סוקולנטים-וקקטוסים-בקרמיקה,קוקטייל סוקולנטים וקקטוסים בכלי קרמיקה,צמחים-לבית-ולמשרד,229.0,https://azurflowers.co.il/חנות/צמחים-לבית-ולמשרד/קוקטייל-סוקולנטים-וקקטוסים-בקרמיקה/
קוקטייל-סוקולנטים-וקקטוסים-מרשים,קוקטייל סוקולנטים וקקטוסים מרשים,צמחים-לבית-ולמשרד,220.0,https://azurflowers.co.il/חנות/צמחים-לבית-ולמשרד/קוקטייל-סוקולנטים-וקקטוסים-מרשים/
קוקטייל-סוקולנטים-וקקטוסים-עציץ-שחור,קוקטייל סוקולנטים וקקטוסים בכלי קרמיקה שחור,צמחים-לבית-ולמשרד,120.0,https://azurflowers.co.il/חנות/צמחים-לבית-ולמשרד/קוקטייל-סוקולנטים-וקקטוסים-עציץ-שחור/
קוקטייל-סוקולנטים-וקקטוסים-קלאסי,קוקטייל סוקולנטים וקקטוסים קלאסי,צמחים-לבית-ולמשרד,100.0,https://azurflowers.co.il/חנות/צמחים-לבית-ולמשרד/קוקטייל-סוקולנטים-וקקטוסים-קלאסי/
קוקטייל-קטן-של-סוקולנטים-וקקטוסים,קוקטייל קטן של סוקולנטים וקקטוסים בכלי קרמיקה + בקבוק יין,צמחים-לבית-ולמשרד,75.0,https://azurflowers.co.il/חנות/צמחים-לבית-ולמשרד/קוקטייל-קטן-של-סוקולנטים-וקקטוסים/
קוקטייל-קקטוסים-בקערה,קוקטייל קקטוסים בקערה,צמחים-לבית-ולמשרד,120.0,https://azurflowers.co.il/חנות/צמחים-לבית-ולמשרד/קוקטייל-קקטוסים-בקערה/
קורדליין-קיווי,קורדליין קיווי,צמחים-למרפסת-ולגינה,,https://azurflowers.co.il/חנות/צמחים-למרפסת-ולגינה/קורדליין-קיווי/
קזוארינה-מכחילה,קזוארינה מכחילה,צמחים-למרפסת-ולגינה,79.0,https://azurflowers.co.il/חנות/צמחים-למרפסת-ולגינה/קזוארינה-מכחילה/
קיסוס-קערה,קיסוס קערה,צמחים-למרפסת-ולגינה,49.0,https://azurflowers.co.il/חנות/צמחים-למרפסת-ולגינה/קיסוס-קערה/
קלדיום,קלדיום,צמחים-לבית-ולמשרד,139.0,https://azurflowers.co.il/חנות/צמחים-לבית-ולמשרד/קלדיום/
קלה,קלה צבעונית (קאלה),צמחים-לבית-ולמשרד,99.0,https://azurflowers.co.il/חנות/צמחים-לבית-ולמשרד/קלה/
קליסיה-זוחלת,קליסיה זוחלת,צמחים-לבית-ולמשרד,39.0,https://azurflowers.co.il/חנות/צמחים-לבית-ולמשרד/קליסיה-זוחלת/
קלתאה-אורביפוליה,קלתאה אורביפוליה,צמחים-לבית-ולמשרד,279.0,https://azurflowers.co.il/חנות/צמחים-לבית-ולמשרד/קלתאה-אורביפוליה/
קלתאה-אורנטה,קלתאה אורנטה,צמחים-לבית-ולמשרד,49.0,https://azurflowers.co.il/חנות/צמחים-לבית-ולמשרד/קלתאה-אורנטה/
קלתאה-אינסיגניס,קלתאה אינסיגניס (לנסיפוליה),צמחים-לבית-ולמשרד,79.0,https://azurflowers.co.il/חנות/צמחים-לבית-ולמשרד/קלתאה-אינסיגניס/
קלתאה-אלברטי,קלתאה אלברטי,צמחים-לבית-ולמשרד,75.0,https://azurflowers.co.il/חנות/צמחים-לבית-ולמשרד/קלתאה-אלברטי/
קלתאה-ביוטי-סטאר,קלתאה ביוטי סטאר,צמחים-לבית-ולמשרד,75.0,https://azurflowers.co.il/חנות/צמחים-לבית-ולמשרד/קלתאה-ביוטי-סטאר/
קלתאה-וויט-סטאר,קלתאה וויט סטאר,צמחים-לבית-ולמשרד,75.0,https://azurflowers.co.il/חנות/צמחים-לבית-ולמשרד/קלתאה-וויט-סטאר/
קלתאה-וויט-פיוזן,קלתאה וויט פיוז'ן,צמחים-לבית-ולמשרד,210.0,https://azurflowers.co.il/חנות/צמחים-לבית-ולמשרד/קלתאה-וויט-פיוזן/
קלתאה-ווייט-סטאר,קלתאה ווייט סטאר,צמחים-לבית-ולמשרד,79.0,https://azurflowers.co.il/חנות/צמחים-לבית-ולמשרד/קלתאה-ווייט-סטאר/
קלתאה-וורסוויציאיי-וורשה,קלתאה וורסוויציאיי (וורשה),צמחים-לבית-ולמשרד,75.0,https://azurflowers.co.il/חנות/צמחים-לבית-ולמשרד/קלתאה-וורסוויציאיי-וורשה/
קלתאה-ויטטה,קלתאה ויטטה,צמחים-לבית-ולמשרד,75.0,https://azurflowers.co.il/חנות/צמחים-לבית-ולמשרד/קלתאה-ויטטה/
קלתאה-זברינה,קלתאה זברינה,צמחים-לבית-ולמשרד,75.0,https://azurflowers.co.il/חנות/צמחים-לבית-ולמשרד/קלתאה-זברינה/
קלתאה-טריוסטאר-גדולה,קלתאה טריוסטאר,צמחים-לבית-ולמשרד,269.0,https://azurflowers.co.il/חנות/צמחים-לבית-ולמשרד/קלתאה-טריוסטאר-גדולה/
קלתאה-טריוסטאר,קלתאה סטרומנטה טריוסטאר,צמחים-לבית-ולמשרד,,https://azurflowers.co.il/חנות/צמחים-לבית-ולמשרד/קלתאה-טריוסטאר/
קלתאה-לאופרדינה,קלתאה לאופרדינה,צמחים-לבית-ולמשרד,145.0,https://azurflowers.co.il/חנות/צמחים-לבית-ולמשרד/קלתאה-לאופרדינה/
קלתאה-מאווי-קווין,קלתאה מאווי קווין,צמחים-לבית-ולמשרד,177.0,https://azurflowers.co.il/חנות/צמחים-לבית-ולמשרד/קלתאה-מאווי-קווין/
קלתאה-מגיק-סטאר,קלתאה מג'יק סטאר,צמחים-לבית-ולמשרד,75.0,https://azurflowers.co.il/חנות/צמחים-לבית-ולמשרד/קלתאה-מגיק-סטאר/
קלתאה-מדליון,קלתאה מדליון,צמחים-לבית-ולמשרד,,https://azurflowers.co.il/חנות/צמחים-לבית-ולמשרד/קלתאה-מדליון/
קלתאה-מוזאיקה,קלתאה מוזאיקה,צמחים-לבית-ולמשרד,115.0,https://azurflowers.co.il/חנות/צמחים-לבית-ולמשרד/קלתאה-מוזאיקה/
קלתאה-מקויאנה,קלתאה מקויאנה (פיקוק),צמחים-לבית-ולמשרד,79.0,https://azurflowers.co.il/חנות/צמחים-לבית-ולמשרד/קלתאה-מקויאנה/
קלתאה-סטוסה,קלתאה סטוסה (קומפקט סטאר),צמחים-לבית-ולמשרד,139.0,https://azurflowers.co.il/חנות/צמחים-לבית-ולמשרד/קלתאה-סטוסה/
קלתאה-פקסיאטה,קלתאה פקסיאטה,צמחים-לבית-ולמשרד,59.0,https://azurflowers.co.il/חנות/צמחים-לבית-ולמשרד/קלתאה-פקסיאטה/
קלתאה-פרדי,קלתאה פרדי,צמחים-לבית-ולמשרד,79.0,https://azurflowers.co.il/חנות/צמחים-לבית-ולמשרד/קלתאה-פרדי/
קלתאה-רוזה-פיקטה,קלתאה רוזה פיקטה,צמחים-לבית-ולמשרד,85.0,https://azurflowers.co.il/חנות/צמחים-לבית-ולמשרד/קלתאה-רוזה-פיקטה/
קלתאה-רופיברבה,קלתאה רופיברבה,צמחים-לבית-ולמשרד,119.0,https://azurflowers.co.il/חנות/צמחים-לבית-ולמשרד/קלתאה-רופיברבה/
קמפנולה-פעמונית,קמפנולה (פעמונית),צמחים-למרפסת-ולגינה,45.0,https://azurflowers.co.il/חנות/צמחים-למרפסת-ולגינה/קמפנולה-פעמונית/
קן-לציפור,קן לציפור,צמחים-לבית-ולמשרד,219.0,https://azurflowers.co.il/חנות/צמחים-לבית-ולמשרד/קן-לציפור/
קערת-רקפות,קערת רקפות,צמחים-למרפסת-ולגינה,49.0,https://azurflowers.co.il/חנות/צמחים-למרפסת-ולגינה/קערת-רקפות/
קקטוס-בייבי,קקטוס בייבי,סוקולנטים-וקקטוסים,11.5,https://azurflowers.co.il/חנות/סוקולנטים-וקקטוסים/קקטוס-בייבי/
קקטוס-גוניור,קקטוס ג'וניור,סוקולנטים-וקקטוסים,39.0,https://azurflowers.co.il/חנות/סוקולנטים-וקקטוסים/קקטוס-גוניור/
קקטוס-כיסא-החותנת,קקטוס כיסא החותנת,סוקולנטים-וקקטוסים,105.0,https://azurflowers.co.il/חנות/סוקולנטים-וקקטוסים/קקטוס-כיסא-החותנת/
קקטוס-מורכב,קקטוס מורכב,צמחים-למרפסת-ולגינה,50.0,https://azurflowers.co.il/חנות/צמחים-למרפסת-ולגינה/קקטוס-מורכב/
קקטוס-עציץ-12-סמ,"קקטוס - עציץ 12 ס""מ",צמחים-למרפסת-ולגינה,37.0,https://azurflowers.co.il/חנות/צמחים-למרפסת-ולגינה/קקטוס-עציץ-12-סמ/
קקטוס-עציץ-15-סמ,"קקטוס - עציץ 15 ס""מ",צמחים-למרפסת-ולגינה,120.0,https://azurflowers.co.il/חנות/צמחים-למרפסת-ולגינה/קקטוס-עציץ-15-סמ/
קקטוס-קישקשתא,קקטוס קישקשתא (נפוליטוס),צמחים-למרפסת-ולגינה,95.0,https://azurflowers.co.il/חנות/צמחים-למרפסת-ולגינה/קקטוס-קישקשתא/
קקטוס,קקטוס,צמחים-לבית-ולמשרד,129.0,https://azurflowers.co.il/חנות/צמחים-לבית-ולמשרד/קקטוס/
קרוטון-מנוקד,קרוטון מנוקד,צמחים-לבית-ולמשרד,36.0,https://azurflowers.co.il/חנות/צמחים-לבית-ולמשרד/קרוטון-מנוקד/
קרוטון-מסולסל,קרוטון מסולסל,צמחים-לבית-ולמשרד,45.0,https://azurflowers.co.il/חנות/צמחים-לבית-ולמשרד/קרוטון-מסולסל/
קרוטון-על-גזע,קרוטון על גזע,צמחים-לבית-ולמשרד,49.0,https://azurflowers.co.il/חנות/צמחים-לבית-ולמשרד/קרוטון-על-גזע/
קרוטון-פטרה,קרוטון פטרה,צמחים-למרפסת-ולגינה,67.0,https://azurflowers.co.il/חנות/צמחים-למרפסת-ולגינה/קרוטון-פטרה/
קרוטון-קטן-על-גזע-בקרמיקה,קרוטון קטן על גזע בקרמיקה,צמחים-לבית-ולמשרד,75.0,https://azurflowers.co.il/חנות/צמחים-לבית-ולמשרד/קרוטון-קטן-על-גזע-בקרמיקה/
קרוטון,קרוטון,צמחים-לבית-ולמשרד,169.0,https://azurflowers.co.il/חנות/צמחים-לבית-ולמשרד/קרוטון/
ראש-דשא,ראש דשא,צמחים-לבית-ולמשרד,15.0,https://azurflowers.co.il/חנות/צמחים-לבית-ולמשרד/ראש-דשא/
רבנלה-מדגסקרית,רבנלה מדגסקרית,צמחים-למרפסת-ולגינה,396.0,https://azurflowers.co.il/חנות/צמחים-למרפסת-ולגינה/רבנלה-מדגסקרית/
ריפסליס-פרדוקסה,ריפסליס פרדוקסה,סוקולנטים-וקקטוסים,119.0,https://azurflowers.co.il/חנות/סוקולנטים-וקקטוסים/ריפסליס-פרדוקסה/
ריפסליס,ריפסליס,סוקולנטים-וקקטוסים,95.0,https://azurflowers.co.il/חנות/סוקולנטים-וקקטוסים/ריפסליס/
רקפת-אדומה-גדולה-בכלי-קרמיקה,רקפת אדומה גדולה בכלי קרמיקה,צמחים-למרפסת-ולגינה,90.0,https://azurflowers.co.il/חנות/צמחים-למרפסת-ולגינה/רקפת-אדומה-גדולה-בכלי-קרמיקה/
רקפת-גדולה,רקפת גדולה,צמחים-למרפסת-ולגינה,39.0,https://azurflowers.co.il/חנות/צמחים-למרפסת-ולגינה/רקפת-גדולה/
רקפת-דיל-3-יחידות,רקפת גדולה - דיל 4 ב-100 ₪,צמחים-למרפסת-ולגינה,156.0,https://azurflowers.co.il/חנות/צמחים-למרפסת-ולגינה/רקפת-דיל-3-יחידות/
רקפת-דיל-6-יחידות,רקפת - דיל 7 ב-100 ₪,צמחים-למרפסת-ולגינה,196.0,https://azurflowers.co.il/חנות/צמחים-למרפסת-ולגינה/רקפת-דיל-6-יחידות/
רקפת,רקפת,צמחים-למרפסת-ולגינה,25.0,https://azurflowers.co.il/חנות/צמחים-למרפסת-ולגינה/רקפת/
שושן-אסייתי,שושן אסייתי (ליליום),צמחים-למרפסת-ולגינה,49.0,https://azurflowers.co.il/חנות/צמחים-למרפסת-ולגינה/שושן-אסייתי/
שיערות-שולמית,שיערות שולמית,צמחים-לבית-ולמשרד,69.0,https://azurflowers.co.il/חנות/צמחים-לבית-ולמשרד/שיערות-שולמית/
שישיה,שישיית צמחים פורחים,צמחים-למרפסת-ולגינה,16.9,https://azurflowers.co.il/חנות/צמחים-למרפסת-ולגינה/שישיה/
שלישיית-גוזמניה,שלישיית גוזמניה,צמחים-לבית-ולמשרד,310.0,https://azurflowers.co.il/חנות/צמחים-לבית-ולמשרד/שלישיית-גוזמניה/
שלישיית-מיני-צמחי-בית-בכלי-קרמיקה,שלישיית מיני צמחי בית בכלי קרמיקה,צמחים-לבית-ולמשרד,180.0,https://azurflowers.co.il/חנות/צמחים-לבית-ולמשרד/שלישיית-מיני-צמחי-בית-בכלי-קרמיקה/
שעוונית-זוחלת,שעוונית זוחלת,צמחים-לבית-ולמשרד,149.0,https://azurflowers.co.il/חנות/צמחים-לבית-ולמשרד/שעוונית-זוחלת/
שפלרה-עציץ-15-סמ,"שפלרה - עציץ 15 ס""מ",צמחים-לבית-ולמשרד,95.0,https://azurflowers.co.il/חנות/צמחים-לבית-ולמשרד/שפלרה-עציץ-15-סמ/
שפלרה-עציץ-18-סמ,"שפלרה - עציץ 18 ס""מ",צמחים-לבית-ולמשרד,99.0,https://azurflowers.co.il/חנות/צמחים-לבית-ולמשרד/שפלרה-עציץ-18-סמ/
שפלרה-קטנה-עציץ-12-סמ,"שפלרה - עציץ 12 ס""מ",צמחים-לבית-ולמשרד,29.0,https://azurflowers.co.il/חנות/צמחים-לבית-ולמשרד/שפלרה-קטנה-עציץ-12-סמ/
שפלרה,שפלרה,צמחים-למרפסת-ולגינה,29.0,https://azurflowers.co.il/חנות/צמחים-למרפסת-ולגינה/שפלרה/
שרך-בוסטון-לתלייה,שרך בוסטון לתלייה,צמחים-למרפסת-ולגינה,69.0,https://azurflowers.co.il/חנות/צמחים-למרפסת-ולגינה/שרך-בוסטון-לתלייה/
שרך-בוסטון,שרך בוסטון ייבוא,צמחים-למרפסת-ולגינה,,https://azurflowers.co.il/חנות/צמחים-למרפסת-ולגינה/שרך-בוסטון/
שרך-בלכנום-סילבר-ליידי,שרך בלכנום סילבר ליידי,צמחים-לבית-ולמשרד,89.0,https://azurflowers.co.il/חנות/צמחים-לבית-ולמשרד/שרך-בלכנום-סילבר-ליידי/
שרך-לבבות,שרך לבבות,צמחים-למרפסת-ולגינה,75.0,https://azurflowers.co.il/חנות/צמחים-למרפסת-ולגינה/שרך-לבבות/
